,otime,open,high,low,close,vol,ctime,asset_vol,trades
0,2019-07-10 08:00:00,0.024517,0.024517,0.024154,0.024247,12061.769,2019-07-10 08:59:59,293.33078427,9905.0
1,2019-07-10 09:00:00,0.02424,0.024279,0.024015,0.024074,12251.013,2019-07-10 09:59:59,295.58211939,8914.0
2,2019-07-10 10:00:00,0.024074,0.024168,0.023814,0.024055,15842.151,2019-07-10 10:59:59,379.92636542,10785.0
3,2019-07-10 11:00:00,0.024057,0.024184,0.023934,0.023975,11040.754,2019-07-10 11:59:59,265.25677977,7974.0
4,2019-07-10 12:00:00,0.023967,0.023978,0.023839,0.023859,9027.958,2019-07-10 12:59:59,215.82323522,6925.0
5,2019-07-10 13:00:00,0.023858,0.02392,0.023821,0.023852,8591.527,2019-07-10 13:59:59,205.00088383,5933.0
6,2019-07-10 14:00:00,0.02386,0.02393,0.023777,0.023825,9882.751,2019-07-10 14:59:59,235.74058365,6703.0
7,2019-07-10 15:00:00,0.023828,0.024031,0.023788,0.023854,17455.853,2019-07-10 15:59:59,416.48169335,8350.0
8,2019-07-10 16:00:00,0.023855,0.023961,0.023811,0.023904,8875.701,2019-07-10 16:59:59,211.89177813,6493.0
9,2019-07-10 17:00:00,0.023904,0.02391,0.02374,0.023785,6021.188,2019-07-10 17:59:59,143.28873974,5226.0
10,2019-07-10 18:00:00,0.023784,0.02388,0.023682,0.023757,5515.631,2019-07-10 18:59:59,131.03401273,5352.0
11,2019-07-10 19:00:00,0.02375,0.023781,0.023598,0.023692,7593.496,2019-07-10 19:59:59,180.02678171,6915.0
12,2019-07-10 20:00:00,0.023693,0.023753,0.023604,0.023636,8084.121,2019-07-10 20:59:59,191.22992004,6394.0
13,2019-07-10 21:00:00,0.023635,0.023694,0.023585,0.023611,9544.752,2019-07-10 21:59:59,225.60121555,7460.0
14,2019-07-10 22:00:00,0.02361,0.0237,0.023285,0.023365,29952.564,2019-07-10 22:59:59,703.70276826,18998.0
15,2019-07-10 23:00:00,0.023371,0.02353,0.022934,0.023304,43763.48,2019-07-10 23:59:59,1017.17489415,29127.0
16,2019-07-11 00:00:00,0.023303,0.023549,0.023189,0.023261,23411.403,2019-07-11 00:59:59,546.90270751,17467.0
17,2019-07-11 01:00:00,0.023259,0.023532,0.02324,0.023448,14674.989,2019-07-11 01:59:59,342.98113685,11300.0
18,2019-07-11 02:00:00,0.023448,0.023524,0.023286,0.023389,9135.684,2019-07-11 02:59:59,213.72987294,8002.0
19,2019-07-11 03:00:00,0.023389,0.024045,0.023369,0.023827,16348.95,2019-07-11 03:59:59,388.47343241,12266.0
20,2019-07-11 04:00:00,0.023828,0.024497,0.023786,0.024403,20746.672,2019-07-11 04:59:59,503.73732301,14616.0
21,2019-07-11 05:00:00,0.024409,0.024567,0.024123,0.02413,11955.708,2019-07-11 05:59:59,290.9968792,10312.0
22,2019-07-11 06:00:00,0.024132,0.02417,0.023864,0.023988,12376.27,2019-07-11 06:59:59,296.78674484,9445.0
23,2019-07-11 07:00:00,0.023982,0.024035,0.023739,0.023875,6756.245,2019-07-11 07:59:59,161.29896224,6609.0
24,2019-07-11 08:00:00,0.023871,0.024126,0.023775,0.023896,9117.202,2019-07-11 08:59:59,218.48767441,9297.0
25,2019-07-11 09:00:00,0.023895,0.023947,0.023691,0.02383,9779.715,2019-07-11 09:59:59,232.74457226,7362.0
26,2019-07-11 10:00:00,0.023833,0.023989,0.023784,0.023966,7636.588,2019-07-11 10:59:59,182.34818109,6589.0
27,2019-07-11 11:00:00,0.023964,0.024267,0.023913,0.024181,10754.129,2019-07-11 11:59:59,259.47798695,9421.0
28,2019-07-11 12:00:00,0.024176,0.02421,0.023264,0.0237,41199.859,2019-07-11 12:59:59,975.02374492,32589.0
29,2019-07-11 13:00:00,0.0237,0.023712,0.023487,0.023637,15412.376,2019-07-11 13:59:59,364.07494432,12455.0
30,2019-07-11 14:00:00,0.023631,0.023776,0.02357,0.023652,13002.233,2019-07-11 14:59:59,307.49971218,9137.0
31,2019-07-11 15:00:00,0.023646,0.023752,0.023554,0.023615,9912.972,2019-07-11 15:59:59,234.31394396,8270.0
32,2019-07-11 16:00:00,0.023617,0.023739,0.023572,0.02366,5600.959,2019-07-11 16:59:59,132.36399991,6051.0
33,2019-07-11 17:00:00,0.023657,0.023777,0.02357,0.023714,5633.751,2019-07-11 17:59:59,133.30869306,6474.0
34,2019-07-11 18:00:00,0.023715,0.023745,0.023564,0.023656,7448.372,2019-07-11 18:59:59,176.07379651,8152.0
35,2019-07-11 19:00:00,0.023654,0.02368,0.023503,0.023509,5557.418,2019-07-11 19:59:59,131.23684073,6800.0
36,2019-07-11 20:00:00,0.023508,0.023514,0.023293,0.023364,10081.793,2019-07-11 20:59:59,235.68553636,9001.0
37,2019-07-11 21:00:00,0.023367,0.023383,0.023201,0.023209,9685.297,2019-07-11 21:59:59,225.74434324,7569.0
38,2019-07-11 22:00:00,0.023215,0.023288,0.023061,0.023159,13167.916,2019-07-11 22:59:59,304.88878066,9181.0
39,2019-07-11 23:00:00,0.023157,0.023386,0.023131,0.02334,9771.605,2019-07-11 23:59:59,226.95246267,9701.0
40,2019-07-12 00:00:00,0.02334,0.023574,0.023315,0.023331,10169.244,2019-07-12 00:59:59,238.2667827,10759.0
41,2019-07-12 01:00:00,0.023328,0.02341,0.023285,0.023396,5866.729,2019-07-12 01:59:59,136.93442333,6292.0
42,2019-07-12 02:00:00,0.023389,0.023499,0.023356,0.023419,3943.526,2019-07-12 02:59:59,92.39771356,5626.0
43,2019-07-12 03:00:00,0.02342,0.023626,0.023418,0.023558,5372.749,2019-07-12 03:59:59,126.42334873,6037.0
44,2019-07-12 04:00:00,0.023559,0.023978,0.02348,0.023908,17991.558,2019-07-12 04:59:59,427.82794637,14613.0
45,2019-07-12 05:00:00,0.02391,0.023966,0.023694,0.023832,7368.274,2019-07-12 05:59:59,175.62413125,6883.0
46,2019-07-12 06:00:00,0.023833,0.023882,0.023579,0.023628,5932.413,2019-07-12 06:59:59,140.44573464,5071.0
47,2019-07-12 07:00:00,0.023637,0.023817,0.023615,0.023677,4451.555,2019-07-12 07:59:59,105.44649021,4493.0
48,2019-07-12 08:00:00,0.023677,0.024024,0.02367,0.023751,9065.759,2019-07-12 08:59:59,216.21379866,8046.0
49,2019-07-12 09:00:00,0.02376,0.023841,0.023653,0.023728,4155.598,2019-07-12 09:59:59,98.66234261,3989.0
50,2019-07-12 10:00:00,0.023732,0.023891,0.023728,0.02387,3710.834,2019-07-12 10:59:59,88.42279746,4414.0
51,2019-07-12 11:00:00,0.023873,0.024024,0.023821,0.023978,7286.048,2019-07-12 11:59:59,174.24269349,6983.0
52,2019-07-12 12:00:00,0.023977,0.024072,0.023812,0.02389,9314.421,2019-07-12 12:59:59,222.76089947,7269.0
53,2019-07-12 13:00:00,0.023884,0.023944,0.023703,0.023708,6260.504,2019-07-12 13:59:59,149.28896199,6375.0
54,2019-07-12 14:00:00,0.023706,0.023825,0.023622,0.02374,4365.183,2019-07-12 14:59:59,103.54019651,5327.0
55,2019-07-12 15:00:00,0.023737,0.023766,0.02336,0.023418,11577.619,2019-07-12 15:59:59,271.88174146,9783.0
56,2019-07-12 16:00:00,0.023418,0.023696,0.023397,0.023679,9165.535,2019-07-12 16:59:59,216.05924721,8310.0
57,2019-07-12 17:00:00,0.023679,0.023796,0.023633,0.023782,6409.196,2019-07-12 17:59:59,151.94703893,5986.0
58,2019-07-12 18:00:00,0.023786,0.023836,0.023659,0.023678,5675.043,2019-07-12 18:59:59,134.69734058,5696.0
59,2019-07-12 19:00:00,0.023675,0.023727,0.023577,0.023603,4029.758,2019-07-12 19:59:59,95.2522612,4540.0
60,2019-07-12 20:00:00,0.023604,0.023625,0.023488,0.023625,4685.295,2019-07-12 20:59:59,110.38734623,5142.0
61,2019-07-12 21:00:00,0.023617,0.02363,0.023467,0.023601,12316.931,2019-07-12 21:59:59,290.09520837,6241.0
62,2019-07-12 22:00:00,0.023603,0.023615,0.023352,0.023466,14794.287,2019-07-12 22:59:59,348.11206605,8302.0
63,2019-07-12 23:00:00,0.023462,0.023628,0.02344,0.023603,7828.694,2019-07-12 23:59:59,184.23299009,6408.0
64,2019-07-13 00:00:00,0.023603,0.023758,0.023572,0.023663,6147.087,2019-07-13 00:59:59,145.49392798,6654.0
65,2019-07-13 01:00:00,0.023655,0.023706,0.023573,0.023592,4337.481,2019-07-13 01:59:59,102.60237601,4929.0
66,2019-07-13 02:00:00,0.02359,0.023672,0.02356,0.023656,4102.151,2019-07-13 02:59:59,96.78406374,5282.0
67,2019-07-13 03:00:00,0.023655,0.02368,0.023572,0.023593,4625.521,2019-07-13 03:59:59,109.28311062,5001.0
68,2019-07-13 04:00:00,0.02359,0.023627,0.02327,0.023277,13186.823,2019-07-13 04:59:59,309.69322605,8830.0
69,2019-07-13 05:00:00,0.023276,0.023447,0.023208,0.023362,12112.372,2019-07-13 05:59:59,282.10118492,7437.0
70,2019-07-13 06:00:00,0.023361,0.023434,0.023199,0.023288,4738.76,2019-07-13 06:59:59,110.43522254,5392.0
71,2019-07-13 07:00:00,0.023287,0.023424,0.023207,0.023353,3073.057,2019-07-13 07:59:59,71.70036411,4551.0
72,2019-07-13 08:00:00,0.023354,0.023457,0.023269,0.023406,3104.183,2019-07-13 08:59:59,72.43164234,4720.0
73,2019-07-13 09:00:00,0.023413,0.02348,0.023336,0.02341,2361.085,2019-07-13 09:59:59,55.26143417,4235.0
74,2019-07-13 10:00:00,0.02341,0.023459,0.023304,0.023432,2241.502,2019-07-13 10:59:59,52.38631718,4199.0
75,2019-07-13 11:00:00,0.023434,0.02345,0.0233,0.023409,3112.853,2019-07-13 11:59:59,72.76727252,4608.0
76,2019-07-13 12:00:00,0.023408,0.023467,0.023357,0.023381,3113.453,2019-07-13 12:59:59,72.89577959,4501.0
77,2019-07-13 13:00:00,0.023383,0.023383,0.023317,0.023322,2904.816,2019-07-13 13:59:59,67.81407368,4144.0
78,2019-07-13 14:00:00,0.023324,0.023392,0.023304,0.023371,2731.278,2019-07-13 14:59:59,63.7550365,4261.0
79,2019-07-13 15:00:00,0.023375,0.023529,0.023352,0.023439,4711.34,2019-07-13 15:59:59,110.50811583,5784.0
80,2019-07-13 16:00:00,0.023441,0.023456,0.023357,0.023428,6220.514,2019-07-13 16:59:59,145.58580947,4382.0
81,2019-07-13 17:00:00,0.023427,0.02353,0.023395,0.023483,8153.062,2019-07-13 17:59:59,191.11113804,5103.0
82,2019-07-13 18:00:00,0.023486,0.0238,0.023474,0.023731,13218.23,2019-07-13 18:59:59,313.0979498,11151.0
83,2019-07-13 19:00:00,0.023728,0.023756,0.023583,0.023596,8016.43,2019-07-13 19:59:59,189.84122613,6346.0
84,2019-07-13 20:00:00,0.023586,0.023665,0.023577,0.023626,11899.518,2019-07-13 20:59:59,280.81341053,5646.0
85,2019-07-13 21:00:00,0.02363,0.023798,0.02359,0.023776,8812.322,2019-07-13 21:59:59,208.89804047,6645.0
86,2019-07-13 22:00:00,0.023775,0.023799,0.023706,0.023774,4120.821,2019-07-13 22:59:59,97.84062709,4445.0
87,2019-07-13 23:00:00,0.023774,0.02382,0.02368,0.023717,6025.908,2019-07-13 23:59:59,143.07499858,4635.0
88,2019-07-14 00:00:00,0.023717,0.023747,0.02364,0.023739,4231.803,2019-07-14 00:59:59,100.267249,5371.0
89,2019-07-14 01:00:00,0.023739,0.023824,0.023654,0.023718,5690.766,2019-07-14 01:59:59,135.10797463,5058.0
90,2019-07-14 02:00:00,0.023716,0.024,0.023701,0.023931,6946.686,2019-07-14 02:59:59,166.10154532,7849.0
91,2019-07-14 03:00:00,0.023931,0.024099,0.023833,0.023863,7995.081,2019-07-14 03:59:59,191.6995607,6564.0
92,2019-07-14 04:00:00,0.023864,0.024347,0.023822,0.024253,11397.396,2019-07-14 04:59:59,275.19301874,10285.0
93,2019-07-14 05:00:00,0.024245,0.024284,0.023876,0.023878,10224.081,2019-07-14 05:59:59,246.31135831,7321.0
94,2019-07-14 06:00:00,0.023876,0.023996,0.02349,0.023696,18255.114,2019-07-14 06:59:59,431.87752044,11681.0
95,2019-07-14 07:00:00,0.023697,0.023769,0.023622,0.023664,3224.544,2019-07-14 07:59:59,76.38765942,4885.0
96,2019-07-14 08:00:00,0.023664,0.023789,0.023608,0.023665,3271.744,2019-07-14 08:59:59,77.53458,4455.0
97,2019-07-14 09:00:00,0.023662,0.023727,0.023513,0.023584,2908.22,2019-07-14 09:59:59,68.65897181,4463.0
98,2019-07-14 10:00:00,0.023577,0.023689,0.02349,0.023677,2125.77,2019-07-14 10:59:59,50.1335705,4077.0
99,2019-07-14 11:00:00,0.023678,0.023767,0.023624,0.023693,2913.93,2019-07-14 11:59:59,69.04387408,3966.0
100,2019-07-14 12:00:00,0.023693,0.023793,0.023608,0.023767,3057.972,2019-07-14 12:59:59,72.48751134,5192.0
101,2019-07-14 13:00:00,0.023767,0.023821,0.023715,0.02375,2166.543,2019-07-14 13:59:59,51.49207923,4001.0
102,2019-07-14 14:00:00,0.023754,0.023807,0.023686,0.023775,2841.381,2019-07-14 14:59:59,67.45349766,4242.0
103,2019-07-14 15:00:00,0.023775,0.023981,0.023756,0.023876,5028.921,2019-07-14 15:59:59,120.01581368,5849.0
104,2019-07-14 16:00:00,0.023881,0.023935,0.023814,0.023907,3962.185,2019-07-14 16:59:59,94.59862845,4852.0
105,2019-07-14 17:00:00,0.023914,0.024092,0.022226,0.022316,37915.133,2019-07-14 17:59:59,873.67407332,28892.0
106,2019-07-14 18:00:00,0.022306,0.022799,0.02224,0.022749,49893.97,2019-07-14 18:59:59,1128.63958526,26482.0
107,2019-07-14 19:00:00,0.022749,0.022998,0.022634,0.022754,19306.258,2019-07-14 19:59:59,439.78679721,13249.0
108,2019-07-14 20:00:00,0.022747,0.022766,0.022165,0.02231,24184.531,2019-07-14 20:59:59,542.32391975,19960.0
109,2019-07-14 21:00:00,0.022318,0.022542,0.022266,0.022412,19690.691,2019-07-14 21:59:59,441.72414381,13090.0
110,2019-07-14 22:00:00,0.022413,0.022458,0.022301,0.022375,21701.42,2019-07-14 22:59:59,485.69908783,11435.0
111,2019-07-14 23:00:00,0.022375,0.022499,0.022183,0.022489,36541.374,2019-07-14 23:59:59,817.74867505,17156.0
112,2019-07-15 00:00:00,0.022488,0.022654,0.022475,0.02249,18638.958,2019-07-15 00:59:59,419.72398607,12611.0
113,2019-07-15 01:00:00,0.02249,0.022527,0.022475,0.022524,17814.583,2019-07-15 01:59:59,400.49401587,10262.0
114,2019-07-15 02:00:00,0.022524,0.0226,0.022414,0.022449,20119.132,2019-07-15 02:59:59,452.5190562,10191.0
115,2019-07-15 03:00:00,0.02245,0.022493,0.022279,0.022418,7669.596,2019-07-15 03:59:59,171.65083407,7209.0
116,2019-07-15 04:00:00,0.022421,0.022513,0.022245,0.022295,6604.837,2019-07-15 04:59:59,147.83862898,7909.0
117,2019-07-15 05:00:00,0.0223,0.022514,0.022242,0.022508,5288.98,2019-07-15 05:59:59,118.37137584,6632.0
118,2019-07-15 06:00:00,0.022509,0.022601,0.02244,0.022514,10233.453,2019-07-15 06:59:59,230.59461247,7917.0
119,2019-07-15 07:00:00,0.02251,0.0226,0.022002,0.022198,19272.282,2019-07-15 07:59:59,430.3259608,16874.0
120,2019-07-15 08:00:00,0.022196,0.022333,0.020542,0.021131,76194.727,2019-07-15 08:59:59,1619.02183877,44758.0
121,2019-07-15 09:00:00,0.02113,0.021588,0.02113,0.021493,21996.83,2019-07-15 09:59:59,471.09983036,16203.0
122,2019-07-15 10:00:00,0.021497,0.021664,0.021377,0.021539,29441.752,2019-07-15 10:59:59,633.7375744,15595.0
123,2019-07-15 11:00:00,0.021538,0.021926,0.021493,0.021685,16598.84,2019-07-15 11:59:59,361.15693051,12827.0
124,2019-07-15 12:00:00,0.021685,0.021817,0.021646,0.021711,8018.816,2019-07-15 12:59:59,174.27225328,8365.0
125,2019-07-15 13:00:00,0.021715,0.021806,0.021621,0.021754,10267.271,2019-07-15 13:59:59,223.01314825,9196.0
126,2019-07-15 14:00:00,0.021761,0.021783,0.021522,0.021775,9723.652,2019-07-15 14:59:59,210.87895598,10776.0
127,2019-07-15 15:00:00,0.021769,0.022023,0.021769,0.021949,14791.681,2019-07-15 15:59:59,324.2125121,11086.0
128,2019-07-15 16:00:00,0.021949,0.021964,0.021863,0.021914,11951.553,2019-07-15 16:59:59,261.92915245,8965.0
129,2019-07-15 17:00:00,0.021915,0.022003,0.021811,0.021944,6479.605,2019-07-15 17:59:59,142.00264399,8062.0
130,2019-07-15 18:00:00,0.021945,0.022051,0.021801,0.021943,5914.8,2019-07-15 18:59:59,129.53536677,7884.0
131,2019-07-15 19:00:00,0.021949,0.022045,0.02193,0.021992,6652.008,2019-07-15 19:59:59,146.28521256,7618.0
132,2019-07-15 20:00:00,0.021998,0.022039,0.021777,0.02185,8579.029,2019-07-15 20:59:59,187.83776563,9536.0
133,2019-07-15 21:00:00,0.021853,0.021991,0.021762,0.021779,7775.113,2019-07-15 21:59:59,170.01396477,8752.0
134,2019-07-15 22:00:00,0.02178,0.021965,0.021612,0.021805,14323.92,2019-07-15 22:59:59,311.92781752,12637.0
135,2019-07-15 23:00:00,0.02181,0.021835,0.021665,0.021771,9297.291,2019-07-15 23:59:59,202.26964803,8137.0
136,2019-07-16 00:00:00,0.021771,0.02196,0.021748,0.021916,21697.475,2019-07-16 00:59:59,473.14010029,10438.0
137,2019-07-16 01:00:00,0.021915,0.021915,0.021748,0.021748,14736.769,2019-07-16 01:59:59,321.05940563,9429.0
138,2019-07-16 02:00:00,0.021748,0.021784,0.021467,0.021508,30366.373,2019-07-16 02:59:59,657.50204868,15586.0
139,2019-07-16 03:00:00,0.02152,0.02153,0.021258,0.021423,9786.48,2019-07-16 03:59:59,209.13173516,9966.0
140,2019-07-16 04:00:00,0.021421,0.021465,0.021352,0.021394,5297.105,2019-07-16 04:59:59,113.34144916,7075.0
141,2019-07-16 05:00:00,0.021394,0.021421,0.021161,0.021195,6447.271,2019-07-16 05:59:59,137.43808699,8053.0
142,2019-07-16 06:00:00,0.021198,0.021587,0.021152,0.021349,10386.191,2019-07-16 06:59:59,221.67853436,10589.0
143,2019-07-16 07:00:00,0.021346,0.02142,0.021,0.021066,16759.13,2019-07-16 07:59:59,354.20468187,12687.0
144,2019-07-16 08:00:00,0.021066,0.02132,0.021063,0.021309,6434.317,2019-07-16 08:59:59,136.41173744,7325.0
145,2019-07-16 09:00:00,0.02131,0.021314,0.021164,0.021238,5947.782,2019-07-16 09:59:59,126.32589902,6540.0
146,2019-07-16 10:00:00,0.021239,0.021281,0.021175,0.021249,5661.892,2019-07-16 10:59:59,120.22262298,6742.0
147,2019-07-16 11:00:00,0.021249,0.021314,0.021233,0.021244,8487.774,2019-07-16 11:59:59,180.3961071,6224.0
148,2019-07-16 12:00:00,0.021244,0.021298,0.02124,0.021244,12240.033,2019-07-16 12:59:59,260.06910394,6217.0
149,2019-07-16 13:00:00,0.021246,0.021302,0.02124,0.021245,6911.254,2019-07-16 13:59:59,146.89953388,4309.0
150,2019-07-16 14:00:00,0.021246,0.021314,0.02124,0.021305,8117.89,2019-07-16 14:59:59,172.47784227,4811.0
151,2019-07-16 15:00:00,0.021308,0.021432,0.021023,0.021073,19795.252,2019-07-16 15:59:59,420.3286963,9270.0
152,2019-07-16 16:00:00,0.021076,0.021116,0.020917,0.021098,8998.385,2019-07-16 16:59:59,189.0128333,7881.0
153,2019-07-16 17:00:00,0.021102,0.021192,0.02099,0.021124,7801.58,2019-07-16 17:59:59,164.70974745,6637.0
154,2019-07-16 18:00:00,0.021128,0.02115,0.02098,0.02104,5067.445,2019-07-16 18:59:59,106.7512415,5976.0
155,2019-07-16 19:00:00,0.021038,0.02106,0.0209,0.020952,7393.581,2019-07-16 19:59:59,155.23619851,7994.0
156,2019-07-16 20:00:00,0.020952,0.021071,0.020796,0.020856,14114.038,2019-07-16 20:59:59,295.68852124,10831.0
157,2019-07-16 21:00:00,0.02086,0.020921,0.020666,0.020732,14276.722,2019-07-16 21:59:59,296.74415906,13071.0
158,2019-07-16 22:00:00,0.020732,0.020883,0.020701,0.020866,21651.923,2019-07-16 22:59:59,450.51930332,11008.0
159,2019-07-16 23:00:00,0.020861,0.021145,0.020827,0.021,10840.638,2019-07-16 23:59:59,227.62825498,10037.0
160,2019-07-17 00:00:00,0.020999,0.02115,0.020741,0.020797,41420.103,2019-07-17 00:59:59,866.85885048,27748.0
161,2019-07-17 01:00:00,0.020797,0.020849,0.020138,0.020602,51169.487,2019-07-17 01:59:59,1049.62903932,34409.0
162,2019-07-17 02:00:00,0.020607,0.020761,0.020515,0.020654,17101.756,2019-07-17 02:59:59,353.08997049,14189.0
163,2019-07-17 03:00:00,0.020652,0.021095,0.020621,0.021056,16079.42,2019-07-17 03:59:59,334.59012323,11672.0
164,2019-07-17 04:00:00,0.021065,0.021284,0.021035,0.021149,18329.356,2019-07-17 04:59:59,388.15178324,12907.0
165,2019-07-17 05:00:00,0.021145,0.021345,0.021063,0.021159,10891.412,2019-07-17 05:59:59,231.19845843,10893.0
166,2019-07-17 06:00:00,0.021157,0.021206,0.020956,0.02111,16816.741,2019-07-17 06:59:59,354.32783031,12110.0
167,2019-07-17 07:00:00,0.021109,0.021112,0.020831,0.02109,11255.346,2019-07-17 07:59:59,236.07236079,11145.0
168,2019-07-17 08:00:00,0.021089,0.021194,0.021054,0.021056,8479.002,2019-07-17 08:59:59,179.08685865,8458.0
169,2019-07-17 09:00:00,0.021061,0.021171,0.021001,0.021118,6318.816,2019-07-17 09:59:59,133.28178172,7685.0
170,2019-07-17 10:00:00,0.021122,0.021162,0.020961,0.021007,12631.844,2019-07-17 10:59:59,266.03655548,12463.0
171,2019-07-17 11:00:00,0.021003,0.021191,0.02099,0.021028,6101.366,2019-07-17 11:59:59,128.50161567,7792.0
172,2019-07-17 12:00:00,0.021035,0.021097,0.020976,0.02099,7987.327,2019-07-17 12:59:59,167.95582317,8246.0
173,2019-07-17 13:00:00,0.020991,0.021133,0.020981,0.021116,6302.344,2019-07-17 13:59:59,132.76123207,6691.0
174,2019-07-17 14:00:00,0.021118,0.021196,0.021042,0.021186,8303.636,2019-07-17 14:59:59,175.34626181,7407.0
175,2019-07-17 15:00:00,0.021189,0.021335,0.021129,0.02132,7671.699,2019-07-17 15:59:59,162.57427793,7670.0
176,2019-07-17 16:00:00,0.021318,0.021484,0.021268,0.021426,9581.96,2019-07-17 16:59:59,204.66256847,8813.0
177,2019-07-17 17:00:00,0.021425,0.021509,0.021356,0.021432,7562.986,2019-07-17 17:59:59,162.02320424,7168.0
178,2019-07-17 18:00:00,0.021435,0.021537,0.02129,0.021301,11363.857,2019-07-17 18:59:59,243.09315136,10019.0
179,2019-07-17 19:00:00,0.021301,0.021415,0.0211,0.021412,18058.966,2019-07-17 19:59:59,385.0923583,14053.0
180,2019-07-17 20:00:00,0.021404,0.021453,0.021259,0.021386,14100.64,2019-07-17 20:59:59,301.48284172,12200.0
181,2019-07-17 21:00:00,0.021389,0.021462,0.021255,0.021454,11128.684,2019-07-17 21:59:59,237.79636387,9791.0
182,2019-07-17 22:00:00,0.02145,0.021949,0.021445,0.021913,23979.764,2019-07-17 22:59:59,520.42877098,17231.0
183,2019-07-17 23:00:00,0.021912,0.02207,0.021775,0.021884,23508.504,2019-07-17 23:59:59,514.85986155,15990.0
184,2019-07-18 00:00:00,0.021884,0.02235,0.02186,0.022112,42260.416,2019-07-18 00:59:59,938.12419019,19804.0
185,2019-07-18 01:00:00,0.022103,0.022285,0.02186,0.022068,17819.37,2019-07-18 01:59:59,393.62423703,15209.0
186,2019-07-18 02:00:00,0.022067,0.02209,0.021699,0.02173,12087.129,2019-07-18 02:59:59,264.8998227,11445.0
187,2019-07-18 03:00:00,0.021731,0.0218,0.021466,0.021718,13097.391,2019-07-18 03:59:59,283.60335071,10976.0
188,2019-07-18 04:00:00,0.02172,0.022021,0.021601,0.021948,8461.005,2019-07-18 04:59:59,184.99246981,9209.0
189,2019-07-18 05:00:00,0.021949,0.021992,0.021631,0.021858,9230.207,2019-07-18 05:59:59,201.31950318,9111.0
190,2019-07-18 06:00:00,0.021855,0.021932,0.021725,0.021769,7993.527,2019-07-18 06:59:59,174.38077176,7883.0
191,2019-07-18 07:00:00,0.021771,0.0219,0.021723,0.021799,5553.517,2019-07-18 07:59:59,121.07767003,6507.0
192,2019-07-18 08:00:00,0.021802,0.02182,0.021542,0.021696,6647.254,2019-07-18 08:59:59,143.92619057,8016.0
193,2019-07-18 09:00:00,0.021698,0.0219,0.021682,0.021792,6314.523,2019-07-18 09:59:59,137.62800152,7232.0
194,2019-07-18 10:00:00,0.021796,0.02183,0.021771,0.021776,5556.964,2019-07-18 10:59:59,121.06920129,6021.0
195,2019-07-18 11:00:00,0.021773,0.021885,0.021771,0.021841,23369.845,2019-07-18 11:59:59,508.93727297,9030.0
196,2019-07-18 12:00:00,0.021841,0.022326,0.021808,0.02207,16403.961,2019-07-18 12:59:59,362.11525245,11951.0
197,2019-07-18 13:00:00,0.02207,0.022285,0.022002,0.022152,13454.347,2019-07-18 13:59:59,297.39079765,9757.0
198,2019-07-18 14:00:00,0.022147,0.02229,0.022063,0.022186,9496.591,2019-07-18 14:59:59,210.47856363,8431.0
199,2019-07-18 15:00:00,0.022186,0.022212,0.022028,0.022089,6417.819,2019-07-18 15:59:59,141.82338198,6549.0
200,2019-07-18 16:00:00,0.022088,0.022184,0.021943,0.021993,9386.626,2019-07-18 16:59:59,207.34828879,8223.0
201,2019-07-18 17:00:00,0.02199,0.022139,0.021962,0.022032,7314.43,2019-07-18 17:59:59,161.23678728,6829.0
202,2019-07-18 18:00:00,0.022027,0.022243,0.021995,0.022035,6834.517,2019-07-18 18:59:59,150.86964113,7895.0
203,2019-07-18 19:00:00,0.022034,0.022141,0.021976,0.022102,6363.75,2019-07-18 19:59:59,140.40141336,7237.0
204,2019-07-18 20:00:00,0.022104,0.022388,0.022071,0.022284,15578.027,2019-07-18 20:59:59,346.92881394,13871.0
205,2019-07-18 21:00:00,0.022283,0.022345,0.022002,0.022168,12020.77,2019-07-18 21:59:59,266.88385482,10561.0
206,2019-07-18 22:00:00,0.022167,0.022302,0.0216,0.021774,43662.056,2019-07-18 22:59:59,955.16605246,25397.0
207,2019-07-18 23:00:00,0.021774,0.021814,0.021389,0.021475,46486.265,2019-07-18 23:59:59,999.42579511,19570.0
208,2019-07-19 00:00:00,0.021478,0.021504,0.021127,0.021339,32229.763,2019-07-19 00:59:59,685.37876583,18068.0
209,2019-07-19 01:00:00,0.021338,0.021451,0.021236,0.021289,14831.597,2019-07-19 01:59:59,316.480265,9326.0
210,2019-07-19 02:00:00,0.021292,0.0213,0.021013,0.02121,14599.768,2019-07-19 02:59:59,308.94824444,9407.0
211,2019-07-19 03:00:00,0.02121,0.021346,0.021152,0.021259,9204.001,2019-07-19 03:59:59,195.50635805,7817.0
212,2019-07-19 04:00:00,0.021268,0.021291,0.021141,0.021184,6223.726,2019-07-19 04:59:59,131.94102444,6745.0
213,2019-07-19 05:00:00,0.021184,0.021337,0.021073,0.021184,8628.48,2019-07-19 05:59:59,182.70974,7606.0
214,2019-07-19 06:00:00,0.021184,0.021205,0.021066,0.02113,10805.155,2019-07-19 06:59:59,228.41612418,6647.0
215,2019-07-19 07:00:00,0.021126,0.021417,0.021089,0.021241,14713.96,2019-07-19 07:59:59,312.73552722,9016.0
216,2019-07-19 08:00:00,0.021246,0.021252,0.021044,0.0211,11701.681,2019-07-19 08:59:59,247.09400322,7910.0
217,2019-07-19 09:00:00,0.0211,0.021179,0.02093,0.021069,14987.426,2019-07-19 09:59:59,316.07965766,7660.0
218,2019-07-19 10:00:00,0.02107,0.021089,0.020946,0.021038,5715.612,2019-07-19 10:59:59,120.17952954,6477.0
219,2019-07-19 11:00:00,0.021037,0.021049,0.020967,0.021004,3777.449,2019-07-19 11:59:59,79.34225411,5534.0
220,2019-07-19 12:00:00,0.021007,0.021245,0.020977,0.021197,5047.555,2019-07-19 12:59:59,106.52369716,5882.0
221,2019-07-19 13:00:00,0.021196,0.021206,0.021021,0.021111,5096.268,2019-07-19 13:59:59,107.59368465,5982.0
222,2019-07-19 14:00:00,0.021106,0.02115,0.021012,0.021092,3921.598,2019-07-19 14:59:59,82.66496789,5572.0
223,2019-07-19 15:00:00,0.021094,0.021224,0.021016,0.021107,6279.539,2019-07-19 15:59:59,132.71342861,6829.0
224,2019-07-19 16:00:00,0.021108,0.021292,0.020971,0.021083,16230.581,2019-07-19 16:59:59,342.44937682,12939.0
225,2019-07-19 17:00:00,0.021076,0.021169,0.020977,0.02103,7359.87,2019-07-19 17:59:59,155.09713306,7174.0
226,2019-07-19 18:00:00,0.02104,0.02114,0.020997,0.021106,4967.362,2019-07-19 18:59:59,104.61980387,6275.0
227,2019-07-19 19:00:00,0.021106,0.021155,0.020955,0.02104,5573.471,2019-07-19 19:59:59,117.34930858,6545.0
228,2019-07-19 20:00:00,0.02104,0.021059,0.0208,0.020919,12678.48,2019-07-19 20:59:59,264.8529753,11319.0
229,2019-07-19 21:00:00,0.020915,0.02116,0.020864,0.020962,13538.409,2019-07-19 21:59:59,284.38689986,12028.0
230,2019-07-19 22:00:00,0.020964,0.02104,0.020916,0.02103,5853.106,2019-07-19 22:59:59,122.84141594,6832.0
231,2019-07-19 23:00:00,0.021028,0.021083,0.02097,0.02101,7694.019,2019-07-19 23:59:59,161.76342681,7714.0
232,2019-07-20 00:00:00,0.021016,0.021124,0.020952,0.021058,5898.241,2019-07-20 00:59:59,124.12333736,7129.0
233,2019-07-20 01:00:00,0.021059,0.021108,0.020917,0.020934,6307.89,2019-07-20 01:59:59,132.62124512,6219.0
234,2019-07-20 02:00:00,0.020939,0.02105,0.020926,0.021015,3460.164,2019-07-20 02:59:59,72.61546043,4710.0
235,2019-07-20 03:00:00,0.021017,0.021057,0.020958,0.021027,2612.687,2019-07-20 03:59:59,54.88878993,4517.0
236,2019-07-20 04:00:00,0.021031,0.021042,0.020925,0.020943,3368.558,2019-07-20 04:59:59,70.67130246,4825.0
237,2019-07-20 05:00:00,0.020936,0.020997,0.020889,0.020957,3033.393,2019-07-20 05:59:59,63.54997676,4393.0
238,2019-07-20 06:00:00,0.02096,0.02105,0.020945,0.021002,3853.015,2019-07-20 06:59:59,80.91368897,4364.0
239,2019-07-20 07:00:00,0.021002,0.021028,0.020951,0.021023,2564.58,2019-07-20 07:59:59,53.82392552,4022.0
240,2019-07-20 08:00:00,0.021014,0.021219,0.021007,0.021156,8967.392,2019-07-20 08:59:59,189.43445641,6964.0
241,2019-07-20 09:00:00,0.021154,0.021223,0.021135,0.021159,3873.21,2019-07-20 09:59:59,82.0133714,5154.0
242,2019-07-20 10:00:00,0.021168,0.021464,0.021123,0.021422,7129.707,2019-07-20 10:59:59,151.97386625,8226.0
243,2019-07-20 11:00:00,0.021422,0.021694,0.021422,0.021568,14830.367,2019-07-20 11:59:59,320.22987809,9449.0
244,2019-07-20 12:00:00,0.021568,0.021676,0.021432,0.021468,5502.364,2019-07-20 12:59:59,118.48838924,5610.0
245,2019-07-20 13:00:00,0.021463,0.021505,0.021362,0.021437,4434.517,2019-07-20 13:59:59,95.13045602,4731.0
246,2019-07-20 14:00:00,0.021433,0.021456,0.021382,0.021398,4884.145,2019-07-20 14:59:59,104.58540864,4020.0
247,2019-07-20 15:00:00,0.021393,0.021475,0.021298,0.021376,4644.979,2019-07-20 15:59:59,99.31043915,5345.0
248,2019-07-20 16:00:00,0.021376,0.02139,0.021321,0.021355,2712.049,2019-07-20 16:59:59,57.93045907,3950.0
249,2019-07-20 17:00:00,0.021352,0.021376,0.021304,0.021331,2567.86,2019-07-20 17:59:59,54.79138785,3904.0
250,2019-07-20 18:00:00,0.021335,0.02138,0.021293,0.021357,3983.897,2019-07-20 18:59:59,85.00853663,4018.0
251,2019-07-20 19:00:00,0.021358,0.021405,0.021274,0.021294,6483.298,2019-07-20 19:59:59,138.4129969,5578.0
252,2019-07-20 20:00:00,0.021297,0.021474,0.021252,0.021406,4462.648,2019-07-20 20:59:59,95.30213508,4808.0
253,2019-07-20 21:00:00,0.021404,0.021434,0.021204,0.021346,8466.837,2019-07-20 21:59:59,180.46778164,7940.0
254,2019-07-20 22:00:00,0.021346,0.021408,0.021312,0.021373,5293.305,2019-07-20 22:59:59,113.07491106,5792.0
255,2019-07-20 23:00:00,0.02137,0.021649,0.021369,0.021631,7821.604,2019-07-20 23:59:59,167.76330194,6255.0
256,2019-07-21 00:00:00,0.021632,0.021879,0.021623,0.021701,23950.635,2019-07-21 00:59:59,521.07698003,17053.0
257,2019-07-21 01:00:00,0.021701,0.021734,0.021244,0.021349,14707.023,2019-07-21 01:59:59,314.65907649,12036.0
258,2019-07-21 02:00:00,0.021346,0.021349,0.021259,0.021308,4255.284,2019-07-21 02:59:59,90.62794761,4911.0
259,2019-07-21 03:00:00,0.021308,0.02132,0.021227,0.021227,4103.052,2019-07-21 03:59:59,87.32891417,3918.0
260,2019-07-21 04:00:00,0.021227,0.021234,0.021159,0.021229,3937.71,2019-07-21 04:59:59,83.50456388,4562.0
261,2019-07-21 05:00:00,0.021228,0.021295,0.02121,0.021289,4727.051,2019-07-21 05:59:59,100.46672898,3752.0
262,2019-07-21 06:00:00,0.021289,0.021391,0.021191,0.021194,4329.621,2019-07-21 06:59:59,92.17138093,4981.0
263,2019-07-21 07:00:00,0.021194,0.021346,0.021033,0.021251,11156.281,2019-07-21 07:59:59,236.46030395,10850.0
264,2019-07-21 08:00:00,0.021251,0.0213,0.02119,0.021231,5425.103,2019-07-21 08:59:59,115.14206809,5863.0
265,2019-07-21 09:00:00,0.021229,0.021237,0.021136,0.021166,3609.479,2019-07-21 09:59:59,76.48663091,4548.0
266,2019-07-21 10:00:00,0.021164,0.0213,0.021122,0.021165,5609.822,2019-07-21 10:59:59,118.91655228,5528.0
267,2019-07-21 11:00:00,0.02117,0.021211,0.021072,0.021185,3627.997,2019-07-21 11:59:59,76.75824475,4992.0
268,2019-07-21 12:00:00,0.021185,0.021292,0.021123,0.02125,3135.461,2019-07-21 12:59:59,66.42055964,4199.0
269,2019-07-21 13:00:00,0.021251,0.021296,0.021215,0.02127,2110.957,2019-07-21 13:59:59,44.85176929,3552.0
270,2019-07-21 14:00:00,0.021276,0.021294,0.021183,0.021252,2337.582,2019-07-21 14:59:59,49.69429735,3699.0
271,2019-07-21 15:00:00,0.021253,0.021349,0.02123,0.021311,3012.193,2019-07-21 15:59:59,64.12653247,4568.0
272,2019-07-21 16:00:00,0.021309,0.021412,0.021192,0.021277,7403.7,2019-07-21 16:59:59,157.52168676,7525.0
273,2019-07-21 17:00:00,0.021278,0.021336,0.021234,0.021274,3162.632,2019-07-21 17:59:59,67.34468265,4052.0
274,2019-07-21 18:00:00,0.021275,0.021428,0.02126,0.021342,5381.731,2019-07-21 18:59:59,114.98471464,5510.0
275,2019-07-21 19:00:00,0.02135,0.021416,0.021272,0.021352,5873.358,2019-07-21 19:59:59,125.39314911,4594.0
276,2019-07-21 20:00:00,0.021349,0.021397,0.021151,0.021193,7308.085,2019-07-21 20:59:59,155.13476303,6269.0
277,2019-07-21 21:00:00,0.021193,0.021204,0.021001,0.021154,7836.357,2019-07-21 21:59:59,165.50516123,7092.0
278,2019-07-21 22:00:00,0.021158,0.021324,0.02105,0.021286,9980.332,2019-07-21 22:59:59,211.81851624,8230.0
279,2019-07-21 23:00:00,0.021286,0.021312,0.021205,0.021279,5262.123,2019-07-21 23:59:59,111.94065513,5103.0
280,2019-07-22 00:00:00,0.021276,0.021368,0.021235,0.021289,3808.834,2019-07-22 00:59:59,81.18397258,5077.0
281,2019-07-22 01:00:00,0.02129,0.021318,0.021027,0.021053,10976.646,2019-07-22 01:59:59,231.62696492,9130.0
282,2019-07-22 02:00:00,0.021053,0.021159,0.021027,0.021143,7193.176,2019-07-22 02:59:59,151.79352096,6042.0
283,2019-07-22 03:00:00,0.02114,0.021258,0.021071,0.021095,4236.993,2019-07-22 03:59:59,89.58703809,4969.0
284,2019-07-22 04:00:00,0.021095,0.021253,0.021047,0.021233,3168.425,2019-07-22 04:59:59,66.89345313,4481.0
285,2019-07-22 05:00:00,0.021235,0.021343,0.021135,0.02129,4100.764,2019-07-22 05:59:59,87.18652521,4887.0
286,2019-07-22 06:00:00,0.021285,0.021354,0.021241,0.021336,2715.206,2019-07-22 06:59:59,57.81473087,3616.0
287,2019-07-22 07:00:00,0.021335,0.021358,0.02127,0.021285,2282.159,2019-07-22 07:59:59,48.63543805,3152.0
288,2019-07-22 08:00:00,0.021291,0.021389,0.021161,0.021212,4371.148,2019-07-22 08:59:59,92.94615234,4729.0
289,2019-07-22 09:00:00,0.021214,0.021268,0.02118,0.021214,1988.1,2019-07-22 09:59:59,42.17394255,3258.0
290,2019-07-22 10:00:00,0.021216,0.021347,0.021213,0.021343,2234.049,2019-07-22 10:59:59,47.5405322,3662.0
291,2019-07-22 11:00:00,0.021343,0.021368,0.02126,0.021294,3460.902,2019-07-22 11:59:59,73.71219979,3417.0
292,2019-07-22 12:00:00,0.021295,0.021332,0.021241,0.021254,8679.43,2019-07-22 12:59:59,184.77675363,6102.0
293,2019-07-22 13:00:00,0.021255,0.02134,0.021182,0.021259,5399.76,2019-07-22 13:59:59,114.82712067,5874.0
294,2019-07-22 14:00:00,0.021258,0.021292,0.0212,0.021262,5226.483,2019-07-22 14:59:59,111.10509181,6156.0
295,2019-07-22 15:00:00,0.021259,0.021261,0.021209,0.021222,3814.057,2019-07-22 15:59:59,80.99426987,5280.0
296,2019-07-22 16:00:00,0.021226,0.021297,0.021212,0.021224,3805.125,2019-07-22 16:59:59,80.86028969,4896.0
297,2019-07-22 17:00:00,0.021224,0.021237,0.02107,0.021115,7834.362,2019-07-22 17:59:59,165.60341024,9237.0
298,2019-07-22 18:00:00,0.021112,0.021218,0.021016,0.021194,7875.037,2019-07-22 18:59:59,166.38353507,7219.0
299,2019-07-22 19:00:00,0.021194,0.021265,0.021076,0.021141,6965.696,2019-07-22 19:59:59,147.49952672,6632.0
300,2019-07-22 20:00:00,0.021141,0.02117,0.02106,0.021131,5657.977,2019-07-22 20:59:59,119.49840265,5417.0
301,2019-07-22 21:00:00,0.021132,0.021172,0.021032,0.021045,3436.529,2019-07-22 21:59:59,72.55127661,6003.0
302,2019-07-22 22:00:00,0.021045,0.021211,0.020894,0.021105,14627.948,2019-07-22 22:59:59,307.99268377,13719.0
303,2019-07-22 23:00:00,0.021106,0.021132,0.02097,0.020992,9896.359,2019-07-22 23:59:59,208.08514023,7519.0
304,2019-07-23 00:00:00,0.020994,0.021012,0.020929,0.020962,8503.94,2019-07-23 00:59:59,178.41316846,6817.0
305,2019-07-23 01:00:00,0.020962,0.020992,0.020812,0.020908,7607.157,2019-07-23 01:59:59,158.95650015,8055.0
306,2019-07-23 02:00:00,0.020905,0.021027,0.020875,0.021019,3593.739,2019-07-23 02:59:59,75.32305597,4673.0
307,2019-07-23 03:00:00,0.021022,0.021064,0.020932,0.021009,5590.942,2019-07-23 03:59:59,117.36158979,5872.0
308,2019-07-23 04:00:00,0.021006,0.021145,0.020927,0.021109,5759.431,2019-07-23 04:59:59,121.09475637,6515.0
309,2019-07-23 05:00:00,0.021109,0.021132,0.02098,0.021059,2905.807,2019-07-23 05:59:59,61.20547647,4837.0
310,2019-07-23 06:00:00,0.021056,0.021086,0.020983,0.021,3615.024,2019-07-23 06:59:59,76.06760417,4311.0
311,2019-07-23 07:00:00,0.020997,0.021057,0.020981,0.021038,2147.478,2019-07-23 07:59:59,45.1491904,3692.0
312,2019-07-23 08:00:00,0.021043,0.021058,0.020969,0.021002,4455.276,2019-07-23 08:59:59,93.62968016,6043.0
313,2019-07-23 09:00:00,0.021005,0.021077,0.020984,0.021055,2350.39,2019-07-23 09:59:59,49.41909555,4002.0
314,2019-07-23 10:00:00,0.02106,0.021163,0.021032,0.021124,3259.559,2019-07-23 10:59:59,68.76361891,4927.0
315,2019-07-23 11:00:00,0.021126,0.021167,0.021088,0.021145,2438.875,2019-07-23 11:59:59,51.51572993,4781.0
316,2019-07-23 12:00:00,0.021141,0.02123,0.021133,0.021194,4036.956,2019-07-23 12:59:59,85.48979012,6033.0
317,2019-07-23 13:00:00,0.021192,0.021213,0.021054,0.021139,4994.608,2019-07-23 13:59:59,105.49129599,5985.0
318,2019-07-23 14:00:00,0.02114,0.02122,0.021071,0.021116,7169.424,2019-07-23 14:59:59,151.64158693,8714.0
319,2019-07-23 15:00:00,0.021115,0.02122,0.021035,0.021162,5983.047,2019-07-23 15:59:59,126.49206026,6605.0
320,2019-07-23 16:00:00,0.02116,0.021221,0.02113,0.021174,5905.056,2019-07-23 16:59:59,125.02046302,6734.0
321,2019-07-23 17:00:00,0.021176,0.021176,0.021061,0.021104,7658.42,2019-07-23 17:59:59,161.59974936,7321.0
322,2019-07-23 18:00:00,0.0211,0.021237,0.021083,0.021218,8308.449,2019-07-23 18:59:59,175.76061849,6401.0
323,2019-07-23 19:00:00,0.021206,0.021263,0.021151,0.021198,5008.621,2019-07-23 19:59:59,106.19565009,6041.0
324,2019-07-23 20:00:00,0.021192,0.02127,0.021168,0.02123,3821.398,2019-07-23 20:59:59,81.08313586,5715.0
325,2019-07-23 21:00:00,0.021225,0.021235,0.02114,0.021178,7670.447,2019-07-23 21:59:59,162.42754922,6544.0
326,2019-07-23 22:00:00,0.021178,0.021207,0.02114,0.021182,6279.441,2019-07-23 22:59:59,132.91020128,6153.0
327,2019-07-23 23:00:00,0.021181,0.02119,0.021105,0.021109,13081.813,2019-07-23 23:59:59,276.61996049,7392.0
328,2019-07-24 00:00:00,0.021109,0.021195,0.021078,0.021162,8905.342,2019-07-24 00:59:59,188.30406914,6805.0
329,2019-07-24 01:00:00,0.02116,0.02122,0.021132,0.021183,4652.18,2019-07-24 01:59:59,98.49511718,5229.0
330,2019-07-24 02:00:00,0.021181,0.021701,0.021181,0.021466,20409.715,2019-07-24 02:59:59,438.466982,14033.0
331,2019-07-24 03:00:00,0.021464,0.021555,0.021346,0.021386,7715.62,2019-07-24 03:59:59,165.50645882,6581.0
332,2019-07-24 04:00:00,0.021382,0.021471,0.021367,0.021466,3622.71,2019-07-24 04:59:59,77.57202338,4566.0
333,2019-07-24 05:00:00,0.021472,0.021515,0.0214,0.021433,2273.092,2019-07-24 05:59:59,48.77243711,4298.0
334,2019-07-24 06:00:00,0.021437,0.021481,0.021396,0.021479,2626.077,2019-07-24 06:59:59,56.32056247,4416.0
335,2019-07-24 07:00:00,0.021481,0.0216,0.021456,0.021538,6636.944,2019-07-24 07:59:59,142.94256592,7220.0
336,2019-07-24 08:00:00,0.021537,0.021698,0.02087,0.021213,34558.429,2019-07-24 08:59:59,731.38010609,22017.0
337,2019-07-24 09:00:00,0.021211,0.021278,0.021144,0.021186,4278.303,2019-07-24 09:59:59,90.83386468,5230.0
338,2019-07-24 10:00:00,0.021187,0.021221,0.021025,0.021162,7199.632,2019-07-24 10:59:59,152.20053175,7769.0
339,2019-07-24 11:00:00,0.021163,0.021216,0.0211,0.021198,3563.357,2019-07-24 11:59:59,75.45264837,4828.0
340,2019-07-24 12:00:00,0.021196,0.02124,0.0211,0.021238,5147.36,2019-07-24 12:59:59,109.07368501,5963.0
341,2019-07-24 13:00:00,0.021235,0.02124,0.021124,0.021207,4552.811,2019-07-24 13:59:59,96.42207624,6144.0
342,2019-07-24 14:00:00,0.021203,0.021287,0.021169,0.021212,4041.032,2019-07-24 14:59:59,85.805462,5305.0
343,2019-07-24 15:00:00,0.021211,0.021284,0.021208,0.021234,3514.964,2019-07-24 15:59:59,74.68475433,4803.0
344,2019-07-24 16:00:00,0.021235,0.021285,0.021174,0.021276,3972.751,2019-07-24 16:59:59,84.33606711,5311.0
345,2019-07-24 17:00:00,0.021282,0.021361,0.021259,0.021346,4210.817,2019-07-24 17:59:59,89.77778656,5259.0
346,2019-07-24 18:00:00,0.021347,0.021377,0.021259,0.021362,4012.832,2019-07-24 18:59:59,85.56751516,5389.0
347,2019-07-24 19:00:00,0.021361,0.021424,0.02125,0.021341,7348.024,2019-07-24 19:59:59,156.83038332,7812.0
348,2019-07-24 20:00:00,0.021339,0.021362,0.021272,0.02132,3793.567,2019-07-24 20:59:59,80.86414654,4781.0
349,2019-07-24 21:00:00,0.021318,0.021444,0.021305,0.021403,6579.95,2019-07-24 21:59:59,140.68925312,5789.0
350,2019-07-24 22:00:00,0.021401,0.021774,0.02138,0.021711,21341.115,2019-07-24 22:59:59,461.17912138,13549.0
351,2019-07-24 23:00:00,0.021714,0.021831,0.021652,0.021811,9286.491,2019-07-24 23:59:59,201.98550296,9672.0
352,2019-07-25 00:00:00,0.021811,0.02203,0.021731,0.02185,14587.535,2019-07-25 00:59:59,319.04092541,13940.0
353,2019-07-25 01:00:00,0.021853,0.021961,0.021821,0.02194,5140.574,2019-07-25 01:59:59,112.53473075,6097.0
354,2019-07-25 02:00:00,0.02194,0.022017,0.021873,0.021874,3442.068,2019-07-25 02:59:59,75.54521692,5033.0
355,2019-07-25 03:00:00,0.021874,0.021928,0.021834,0.021922,3002.979,2019-07-25 03:59:59,65.68533276,5081.0
356,2019-07-25 04:00:00,0.021923,0.022258,0.021901,0.022247,6439.577,2019-07-25 04:59:59,142.33001813,9111.0
357,2019-07-25 05:00:00,0.022244,0.022492,0.022079,0.022124,8542.155,2019-07-25 05:59:59,190.31120259,10831.0
358,2019-07-25 06:00:00,0.022124,0.022164,0.021956,0.021959,3862.693,2019-07-25 06:59:59,85.14721294,5253.0
359,2019-07-25 07:00:00,0.021963,0.022188,0.021956,0.022155,3209.166,2019-07-25 07:59:59,70.98799606,5154.0
360,2019-07-25 08:00:00,0.02215,0.022393,0.022016,0.022039,12346.771,2019-07-25 08:59:59,274.21356039,10812.0
361,2019-07-25 09:00:00,0.02203,0.022138,0.021923,0.0221,12572.232,2019-07-25 09:59:59,277.10688367,8104.0
362,2019-07-25 10:00:00,0.0221,0.022147,0.022027,0.022111,10183.661,2019-07-25 10:59:59,225.06544671,6312.0
363,2019-07-25 11:00:00,0.022111,0.022232,0.021934,0.021985,6320.612,2019-07-25 11:59:59,139.29709789,8440.0
364,2019-07-25 12:00:00,0.021986,0.022058,0.021975,0.022008,11414.053,2019-07-25 12:59:59,251.22630079,5336.0
365,2019-07-25 13:00:00,0.022008,0.022028,0.021941,0.022004,5376.852,2019-07-25 13:59:59,118.2569946,5078.0
366,2019-07-25 14:00:00,0.022003,0.022031,0.021971,0.022019,2060.352,2019-07-25 14:59:59,45.32739652,3845.0
367,2019-07-25 15:00:00,0.022019,0.0221,0.021945,0.021976,4847.364,2019-07-25 15:59:59,106.81900608,4967.0
368,2019-07-25 16:00:00,0.021971,0.022067,0.021958,0.022014,2505.445,2019-07-25 16:59:59,55.13359037,4028.0
369,2019-07-25 17:00:00,0.022013,0.022086,0.021993,0.022068,3609.791,2019-07-25 17:59:59,79.60973354,4562.0
370,2019-07-25 18:00:00,0.022068,0.0221,0.022061,0.022063,7390.876,2019-07-25 18:59:59,163.09358134,4658.0
371,2019-07-25 19:00:00,0.022069,0.0221,0.022061,0.022065,6220.497,2019-07-25 19:59:59,137.28284038,4728.0
372,2019-07-25 20:00:00,0.022066,0.0222,0.022061,0.022126,7682.597,2019-07-25 20:59:59,169.71958135,7164.0
373,2019-07-25 21:00:00,0.022125,0.022184,0.021981,0.022065,10245.137,2019-07-25 21:59:59,225.97806126,9036.0
374,2019-07-25 22:00:00,0.022062,0.022215,0.022062,0.022144,4988.553,2019-07-25 22:59:59,110.34320384,5332.0
375,2019-07-25 23:00:00,0.022149,0.022188,0.022111,0.02213,2706.167,2019-07-25 23:59:59,59.95510542,4344.0
376,2019-07-26 00:00:00,0.022131,0.022203,0.0221,0.022154,5066.879,2019-07-26 00:59:59,112.20613778,6016.0
377,2019-07-26 01:00:00,0.022155,0.022195,0.022116,0.022189,2011.28,2019-07-26 01:59:59,44.55470237,4681.0
378,2019-07-26 02:00:00,0.022189,0.02219,0.022122,0.022131,1938.185,2019-07-26 02:59:59,42.93028423,4262.0
379,2019-07-26 03:00:00,0.022131,0.02218,0.022111,0.022119,11885.415,2019-07-26 03:59:59,262.9134241,6190.0
380,2019-07-26 04:00:00,0.02212,0.022165,0.022035,0.022131,7404.146,2019-07-26 04:59:59,163.71957702,6624.0
381,2019-07-26 05:00:00,0.02213,0.022176,0.02212,0.022174,2206.313,2019-07-26 05:59:59,48.85690974,4180.0
382,2019-07-26 06:00:00,0.022174,0.022254,0.022167,0.02219,2663.091,2019-07-26 06:59:59,59.11924423,5159.0
383,2019-07-26 07:00:00,0.022192,0.022235,0.022159,0.022179,2448.006,2019-07-26 07:59:59,54.3427732,4590.0
384,2019-07-26 08:00:00,0.022178,0.02232,0.022066,0.022251,8692.62,2019-07-26 08:59:59,193.06882388,9991.0
385,2019-07-26 09:00:00,0.02225,0.022252,0.021932,0.022104,6474.324,2019-07-26 09:59:59,143.05103823,7436.0
386,2019-07-26 10:00:00,0.022103,0.022166,0.022081,0.022129,3282.812,2019-07-26 10:59:59,72.65157252,4593.0
387,2019-07-26 11:00:00,0.022129,0.02216,0.022129,0.022153,9668.547,2019-07-26 11:59:59,213.99156868,5277.0
388,2019-07-26 12:00:00,0.022153,0.022176,0.02211,0.022118,6687.138,2019-07-26 12:59:59,147.96132537,3562.0
389,2019-07-26 13:00:00,0.022119,0.02215,0.022113,0.022136,1826.094,2019-07-26 13:59:59,40.41195232,3071.0
390,2019-07-26 14:00:00,0.022137,0.022149,0.02201,0.022044,3681.648,2019-07-26 14:59:59,81.32450977,5559.0
391,2019-07-26 15:00:00,0.022045,0.022158,0.022044,0.022156,3601.499,2019-07-26 15:59:59,79.58179317,4669.0
392,2019-07-26 16:00:00,0.022157,0.022191,0.022082,0.022184,2963.018,2019-07-26 16:59:59,65.57426083,4314.0
393,2019-07-26 17:00:00,0.022179,0.022186,0.02208,0.022126,4344.292,2019-07-26 17:59:59,96.11095406,5132.0
394,2019-07-26 18:00:00,0.022125,0.022212,0.022124,0.02221,2877.945,2019-07-26 18:59:59,63.75646945,4606.0
395,2019-07-26 19:00:00,0.022208,0.022278,0.022176,0.022185,4402.234,2019-07-26 19:59:59,97.85569902,5621.0
396,2019-07-26 20:00:00,0.022188,0.022204,0.022082,0.022102,4979.81,2019-07-26 20:59:59,110.25395836,6314.0
397,2019-07-26 21:00:00,0.022095,0.022147,0.022065,0.022108,3370.5,2019-07-26 21:59:59,74.50307919,4788.0
398,2019-07-26 22:00:00,0.022111,0.022136,0.022032,0.02206,3791.007,2019-07-26 22:59:59,83.75234671,5880.0
399,2019-07-26 23:00:00,0.02206,0.022099,0.022045,0.022089,2531.052,2019-07-26 23:59:59,55.8568797,4490.0
400,2019-07-27 00:00:00,0.022089,0.022336,0.022046,0.022319,6887.845,2019-07-27 00:59:59,152.92722899,7424.0
401,2019-07-27 01:00:00,0.022319,0.022379,0.022279,0.022344,6688.806,2019-07-27 01:59:59,149.39637033,6230.0
402,2019-07-27 02:00:00,0.022343,0.022382,0.022278,0.022316,5464.599,2019-07-27 02:59:59,121.99295739,5367.0
403,2019-07-27 03:00:00,0.022311,0.02236,0.022282,0.022304,3341.454,2019-07-27 03:59:59,74.56771127,3914.0
404,2019-07-27 04:00:00,0.022303,0.022392,0.022172,0.022198,4119.753,2019-07-27 04:59:59,91.85397278,5404.0
405,2019-07-27 05:00:00,0.022199,0.02224,0.022144,0.022225,4967.934,2019-07-27 05:59:59,110.29306983,4503.0
406,2019-07-27 06:00:00,0.022221,0.022266,0.022195,0.022266,2903.979,2019-07-27 06:59:59,64.54874536,3672.0
407,2019-07-27 07:00:00,0.02227,0.022357,0.022248,0.022271,3529.305,2019-07-27 07:59:59,78.71870712,4098.0
408,2019-07-27 08:00:00,0.022268,0.022296,0.021781,0.021957,20193.207,2019-07-27 08:59:59,442.91098876,14776.0
409,2019-07-27 09:00:00,0.021957,0.021997,0.021877,0.021939,4576.341,2019-07-27 09:59:59,100.43027436,5705.0
410,2019-07-27 10:00:00,0.021939,0.022017,0.021905,0.022012,2491.168,2019-07-27 10:59:59,54.73096057,3997.0
411,2019-07-27 11:00:00,0.022005,0.022029,0.021919,0.021919,2438.317,2019-07-27 11:59:59,53.55041758,3888.0
412,2019-07-27 12:00:00,0.021919,0.021944,0.021893,0.021907,2270.545,2019-07-27 12:59:59,49.76990887,3463.0
413,2019-07-27 13:00:00,0.021907,0.021935,0.021863,0.021913,2963.838,2019-07-27 13:59:59,64.88157577,3890.0
414,2019-07-27 14:00:00,0.021913,0.021929,0.021864,0.02188,2840.813,2019-07-27 14:59:59,62.19655513,3547.0
415,2019-07-27 15:00:00,0.021881,0.021944,0.021824,0.021903,3604.657,2019-07-27 15:59:59,78.86862721,4331.0
416,2019-07-27 16:00:00,0.021904,0.021966,0.021882,0.021887,3321.774,2019-07-27 16:59:59,72.84527853,3994.0
417,2019-07-27 17:00:00,0.021886,0.021909,0.021803,0.021846,3985.476,2019-07-27 17:59:59,87.16637498,4290.0
418,2019-07-27 18:00:00,0.021845,0.022096,0.021721,0.021887,26395.73,2019-07-27 18:59:59,577.82942069,18971.0
419,2019-07-27 19:00:00,0.021887,0.021972,0.021745,0.021801,9051.033,2019-07-27 19:59:59,197.91692507,8369.0
420,2019-07-27 20:00:00,0.021802,0.021903,0.021584,0.021884,11584.587,2019-07-27 20:59:59,251.88655972,11075.0
421,2019-07-27 21:00:00,0.021889,0.021927,0.021807,0.021865,4763.984,2019-07-27 21:59:59,104.11018398,5281.0
422,2019-07-27 22:00:00,0.021868,0.021878,0.021801,0.021825,4233.726,2019-07-27 22:59:59,92.49137094,5235.0
423,2019-07-27 23:00:00,0.021823,0.021953,0.021811,0.021917,6557.189,2019-07-27 23:59:59,143.51769812,6720.0
424,2019-07-28 00:00:00,0.021919,0.021997,0.021902,0.021976,4124.283,2019-07-28 00:59:59,90.5773716,5380.0
425,2019-07-28 01:00:00,0.021979,0.02209,0.02194,0.022018,4229.525,2019-07-28 01:59:59,93.11270059,5627.0
426,2019-07-28 02:00:00,0.022021,0.022089,0.022009,0.022027,3787.404,2019-07-28 02:59:59,83.51548706,4173.0
427,2019-07-28 03:00:00,0.022022,0.022094,0.022009,0.022025,4404.965,2019-07-28 03:59:59,97.09443056,3885.0
428,2019-07-28 04:00:00,0.022026,0.022055,0.021984,0.022005,3195.499,2019-07-28 04:59:59,70.35983554,3630.0
429,2019-07-28 05:00:00,0.022005,0.022036,0.021925,0.021944,2637.447,2019-07-28 05:59:59,57.96099514,3826.0
430,2019-07-28 06:00:00,0.021948,0.022086,0.021838,0.021856,5675.443,2019-07-28 06:59:59,124.48709003,6567.0
431,2019-07-28 07:00:00,0.021857,0.021907,0.021804,0.021871,4643.127,2019-07-28 07:59:59,101.50333277,4880.0
432,2019-07-28 08:00:00,0.021871,0.022017,0.021868,0.021896,4505.458,2019-07-28 08:59:59,98.82223288,4690.0
433,2019-07-28 09:00:00,0.021898,0.021929,0.021866,0.021892,2155.403,2019-07-28 09:59:59,47.18681268,3430.0
434,2019-07-28 10:00:00,0.021891,0.021914,0.021852,0.021853,2467.532,2019-07-28 10:59:59,54.01739569,3146.0
435,2019-07-28 11:00:00,0.021853,0.021918,0.021853,0.021906,2809.914,2019-07-28 11:59:59,61.52368888,2783.0
436,2019-07-28 12:00:00,0.021908,0.022162,0.021881,0.022054,6938.048,2019-07-28 12:59:59,152.87971845,5928.0
437,2019-07-28 13:00:00,0.022054,0.022101,0.02203,0.022031,3865.197,2019-07-28 13:59:59,85.29061332,3520.0
438,2019-07-28 14:00:00,0.022031,0.022126,0.02203,0.022104,3949.124,2019-07-28 14:59:59,87.24946422,3937.0
439,2019-07-28 15:00:00,0.022104,0.022104,0.022022,0.022038,2574.64,2019-07-28 15:59:59,56.83149092,3378.0
440,2019-07-28 16:00:00,0.022038,0.022061,0.021957,0.022009,3421.792,2019-07-28 16:59:59,75.27603898,3989.0
441,2019-07-28 17:00:00,0.02201,0.02209,0.021979,0.021987,2481.279,2019-07-28 17:59:59,54.70872676,3419.0
442,2019-07-28 18:00:00,0.021989,0.02202,0.021979,0.022018,3360.923,2019-07-28 18:59:59,73.9452608,3713.0
443,2019-07-28 19:00:00,0.022014,0.02206,0.022012,0.022015,8488.009,2019-07-28 19:59:59,186.9098131,4374.0
444,2019-07-28 20:00:00,0.022015,0.022055,0.022002,0.022002,9384.019,2019-07-28 20:59:59,206.61298917,4204.0
445,2019-07-28 21:00:00,0.022003,0.022021,0.021962,0.021974,3874.026,2019-07-28 21:59:59,85.18505931,3847.0
446,2019-07-28 22:00:00,0.021976,0.022002,0.021905,0.02191,3217.845,2019-07-28 22:59:59,70.65050499,4329.0
447,2019-07-28 23:00:00,0.02191,0.021949,0.02188,0.021908,3514.271,2019-07-28 23:59:59,76.99741784,4500.0
448,2019-07-29 00:00:00,0.021907,0.021956,0.021804,0.021836,4870.598,2019-07-29 00:59:59,106.47303072,7116.0
449,2019-07-29 01:00:00,0.021835,0.021875,0.02179,0.021853,4586.733,2019-07-29 01:59:59,100.13623585,5315.0
450,2019-07-29 02:00:00,0.021851,0.021864,0.021773,0.021826,2540.82,2019-07-29 02:59:59,55.42027391,3784.0
451,2019-07-29 03:00:00,0.021831,0.021893,0.02179,0.02184,2430.618,2019-07-29 03:59:59,53.07287641,3320.0
452,2019-07-29 04:00:00,0.02184,0.021918,0.02181,0.02186,3589.905,2019-07-29 04:59:59,78.42860556,4173.0
453,2019-07-29 05:00:00,0.021862,0.021899,0.021843,0.021843,7866.989,2019-07-29 05:59:59,171.86359921,5011.0
454,2019-07-29 06:00:00,0.021843,0.022,0.021622,0.021875,31898.19,2019-07-29 06:59:59,695.75416556,22964.0
455,2019-07-29 07:00:00,0.021875,0.022364,0.021802,0.022165,14073.139,2019-07-29 07:59:59,311.09390477,12494.0
456,2019-07-29 08:00:00,0.022171,0.022184,0.021987,0.022077,4730.141,2019-07-29 08:59:59,104.36758625,5541.0
457,2019-07-29 09:00:00,0.022073,0.022262,0.022045,0.022092,9111.613,2019-07-29 09:59:59,201.90677035,8054.0
458,2019-07-29 10:00:00,0.022093,0.022185,0.022092,0.022115,2971.486,2019-07-29 10:59:59,65.76836393,4482.0
459,2019-07-29 11:00:00,0.022117,0.022129,0.022058,0.022078,1805.201,2019-07-29 11:59:59,39.86675719,3637.0
460,2019-07-29 12:00:00,0.022079,0.022119,0.022067,0.022075,2248.409,2019-07-29 12:59:59,49.67367599,3631.0
461,2019-07-29 13:00:00,0.022074,0.0221,0.021999,0.022059,4403.25,2019-07-29 13:59:59,97.11179028,4795.0
462,2019-07-29 14:00:00,0.022061,0.022098,0.022024,0.022039,3470.075,2019-07-29 14:59:59,76.54094513,4920.0
463,2019-07-29 15:00:00,0.022037,0.022102,0.022029,0.022086,2955.718,2019-07-29 15:59:59,65.23643818,4807.0
464,2019-07-29 16:00:00,0.022086,0.02215,0.022064,0.022088,3219.35,2019-07-29 16:59:59,71.14253083,4868.0
465,2019-07-29 17:00:00,0.022091,0.022152,0.021911,0.022029,7952.475,2019-07-29 17:59:59,175.21724059,9474.0
466,2019-07-29 18:00:00,0.022028,0.022066,0.021985,0.022051,3937.256,2019-07-29 18:59:59,86.7587429,7552.0
467,2019-07-29 19:00:00,0.02205,0.022055,0.02199,0.022031,3860.214,2019-07-29 19:59:59,84.99368633,8397.0
468,2019-07-29 20:00:00,0.022031,0.022066,0.021991,0.02205,4505.02,2019-07-29 20:59:59,99.22115369,6968.0
469,2019-07-29 21:00:00,0.02205,0.022103,0.021937,0.021944,5838.099,2019-07-29 21:59:59,128.53593847,7288.0
470,2019-07-29 22:00:00,0.021942,0.021993,0.02192,0.021926,4684.492,2019-07-29 22:59:59,102.79189137,6372.0
471,2019-07-29 23:00:00,0.021929,0.022017,0.021916,0.021978,4775.613,2019-07-29 23:59:59,104.88389238,5490.0
472,2019-07-30 00:00:00,0.02198,0.022099,0.021935,0.022096,9137.567,2019-07-30 00:59:59,201.04860394,8619.0
473,2019-07-30 01:00:00,0.022091,0.022156,0.022,0.02211,5651.001,2019-07-30 01:59:59,124.75016309,5723.0
474,2019-07-30 02:00:00,0.022112,0.02214,0.022074,0.022083,3074.614,2019-07-30 02:59:59,67.98871395,3922.0
475,2019-07-30 03:00:00,0.022083,0.022124,0.022045,0.02211,3075.194,2019-07-30 03:59:59,67.93566809,3773.0
476,2019-07-30 04:00:00,0.02211,0.022239,0.02206,0.022227,3329.155,2019-07-30 04:59:59,73.72188653,4449.0
477,2019-07-30 05:00:00,0.022226,0.022241,0.022142,0.02216,2764.784,2019-07-30 05:59:59,61.33973948,3710.0
478,2019-07-30 06:00:00,0.022164,0.022269,0.02215,0.022199,3261.025,2019-07-30 06:59:59,72.36323438,3861.0
479,2019-07-30 07:00:00,0.0222,0.022251,0.022139,0.022183,2839.632,2019-07-30 07:59:59,63.02737422,3733.0
480,2019-07-30 08:00:00,0.022184,0.02222,0.022036,0.022056,4211.141,2019-07-30 08:59:59,93.11945809,4809.0
481,2019-07-30 09:00:00,0.022056,0.022056,0.021942,0.021981,4337.957,2019-07-30 09:59:59,95.40558175,5363.0
482,2019-07-30 10:00:00,0.021981,0.022051,0.02175,0.021897,11670.984,2019-07-30 10:59:59,255.92954792,7978.0
483,2019-07-30 11:00:00,0.021892,0.021951,0.02186,0.021908,5511.748,2019-07-30 11:59:59,120.72383964,5481.0
484,2019-07-30 12:00:00,0.021909,0.021931,0.021892,0.021922,2482.143,2019-07-30 12:59:59,54.39130683,3918.0
485,2019-07-30 13:00:00,0.021923,0.021952,0.02186,0.021947,5068.591,2019-07-30 13:59:59,111.01971348,4962.0
486,2019-07-30 14:00:00,0.021941,0.021958,0.021881,0.021916,4638.373,2019-07-30 14:59:59,101.67820851,4844.0
487,2019-07-30 15:00:00,0.02192,0.021927,0.021881,0.021907,3389.963,2019-07-30 15:59:59,74.24859296,4116.0
488,2019-07-30 16:00:00,0.021905,0.021959,0.021897,0.021945,2483.368,2019-07-30 16:59:59,54.44646963,3768.0
489,2019-07-30 17:00:00,0.021944,0.022016,0.02188,0.021897,4660.696,2019-07-30 17:59:59,102.13481892,4321.0
490,2019-07-30 18:00:00,0.021897,0.021949,0.021877,0.021931,4666.008,2019-07-30 18:59:59,102.19254839,5201.0
491,2019-07-30 19:00:00,0.021927,0.022033,0.021907,0.02194,6617.572,2019-07-30 19:59:59,145.27397581,6062.0
492,2019-07-30 20:00:00,0.021936,0.021948,0.021869,0.021906,4924.781,2019-07-30 20:59:59,107.85726962,5244.0
493,2019-07-30 21:00:00,0.021907,0.021914,0.021871,0.021884,3749.551,2019-07-30 21:59:59,82.07055344,5590.0
494,2019-07-30 22:00:00,0.021878,0.021936,0.021861,0.021918,3730.048,2019-07-30 22:59:59,81.63856876,4929.0
495,2019-07-30 23:00:00,0.021918,0.022068,0.021881,0.021917,9107.418,2019-07-30 23:59:59,200.33765286,8184.0
496,2019-07-31 00:00:00,0.021915,0.021949,0.021875,0.02189,5315.353,2019-07-31 00:59:59,116.42733892,5411.0
497,2019-07-31 01:00:00,0.02189,0.021992,0.021878,0.021972,3679.625,2019-07-31 01:59:59,80.67046778,4081.0
498,2019-07-31 02:00:00,0.02197,0.022036,0.021935,0.021968,3692.726,2019-07-31 02:59:59,81.13139436,4169.0
499,2019-07-31 03:00:00,0.021965,0.022111,0.021908,0.021958,4430.533,2019-07-31 03:59:59,97.4381951,5701.0
500,2019-07-31 04:00:00,0.02196,0.021985,0.021831,0.021929,3437.935,2019-07-31 04:59:59,75.3159527,4886.0
501,2019-07-31 05:00:00,0.021929,0.021933,0.021887,0.021902,2380.045,2019-07-31 05:59:59,52.12967982,3238.0
502,2019-07-31 06:00:00,0.021907,0.021961,0.021893,0.02195,2877.804,2019-07-31 06:59:59,63.07665762,3727.0
503,2019-07-31 07:00:00,0.02195,0.02195,0.02189,0.021893,2368.548,2019-07-31 07:59:59,51.91361533,3508.0
504,2019-07-31 08:00:00,0.02189,0.021929,0.02188,0.021909,5894.858,2019-07-31 08:59:59,129.05644416,4981.0
505,2019-07-31 09:00:00,0.021913,0.021958,0.02188,0.02188,7529.822,2019-07-31 09:59:59,164.8458339,4577.0
506,2019-07-31 10:00:00,0.021881,0.021918,0.02188,0.021881,5294.277,2019-07-31 10:59:59,115.87029485,3866.0
507,2019-07-31 11:00:00,0.021881,0.021904,0.02188,0.021892,3166.84,2019-07-31 11:59:59,69.3060758,2888.0
508,2019-07-31 12:00:00,0.021892,0.021897,0.021839,0.021885,4102.221,2019-07-31 12:59:59,89.73088665,2969.0
509,2019-07-31 13:00:00,0.021886,0.0219,0.021859,0.021872,7069.621,2019-07-31 13:59:59,154.59367165,4281.0
510,2019-07-31 14:00:00,0.021872,0.021896,0.02181,0.021827,11462.048,2019-07-31 14:59:59,250.50931712,6888.0
511,2019-07-31 15:00:00,0.021827,0.021828,0.021748,0.021765,5254.597,2019-07-31 15:59:59,114.51147786,6084.0
512,2019-07-31 16:00:00,0.021765,0.021839,0.021748,0.02178,3779.152,2019-07-31 16:59:59,82.302386,5157.0
513,2019-07-31 17:00:00,0.021782,0.021826,0.021762,0.021815,2357.706,2019-07-31 17:59:59,51.38469971,3839.0
514,2019-07-31 18:00:00,0.021815,0.021833,0.021785,0.021812,3413.926,2019-07-31 18:59:59,74.46568179,3974.0
515,2019-07-31 19:00:00,0.021809,0.021826,0.021779,0.021793,2888.935,2019-07-31 19:59:59,62.99467478,3494.0
516,2019-07-31 20:00:00,0.021792,0.022164,0.021783,0.021937,16236.085,2019-07-31 20:59:59,356.53786564,14154.0
517,2019-07-31 21:00:00,0.021937,0.02194,0.021738,0.021744,6091.707,2019-07-31 21:59:59,133.18269407,6846.0
518,2019-07-31 22:00:00,0.021743,0.021746,0.021616,0.021666,9100.857,2019-07-31 22:59:59,197.3243853,10746.0
519,2019-07-31 23:00:00,0.021671,0.021701,0.0215,0.021589,9649.305,2019-07-31 23:59:59,208.13405437,9925.0
520,2019-08-01 00:00:00,0.021585,0.021682,0.021546,0.02161,6525.997,2019-08-01 00:59:59,141.05933326,7749.0
521,2019-08-01 01:00:00,0.021606,0.02163,0.021531,0.021546,2495.335,2019-08-01 01:59:59,53.85675011,3992.0
522,2019-08-01 02:00:00,0.021541,0.021607,0.021494,0.021562,2830.982,2019-08-01 02:59:59,61.00817662,4268.0
523,2019-08-01 03:00:00,0.021563,0.021593,0.021532,0.021561,2294.908,2019-08-01 03:59:59,49.47781665,3488.0
524,2019-08-01 04:00:00,0.021562,0.021567,0.021472,0.021501,3183.543,2019-08-01 04:59:59,68.52507326,4328.0
525,2019-08-01 05:00:00,0.021498,0.021544,0.02143,0.021501,2816.004,2019-08-01 05:59:59,60.50293249,3728.0
526,2019-08-01 06:00:00,0.021507,0.021614,0.0215,0.021609,2836.336,2019-08-01 06:59:59,61.2111201,3901.0
527,2019-08-01 07:00:00,0.021607,0.021761,0.021607,0.021666,5928.036,2019-08-01 07:59:59,128.50844526,6714.0
528,2019-08-01 08:00:00,0.021665,0.021671,0.021517,0.021529,3629.343,2019-08-01 08:59:59,78.30429561,5247.0
529,2019-08-01 09:00:00,0.021525,0.021593,0.021104,0.021307,13469.372,2019-08-01 09:59:59,286.84520252,11356.0
530,2019-08-01 10:00:00,0.021305,0.021384,0.021259,0.021382,4092.784,2019-08-01 10:59:59,87.25472144,4582.0
531,2019-08-01 11:00:00,0.021381,0.021416,0.021342,0.021401,2591.697,2019-08-01 11:59:59,55.40013301,3719.0
532,2019-08-01 12:00:00,0.021397,0.021437,0.021367,0.021387,3651.137,2019-08-01 12:59:59,78.13333858,3885.0
533,2019-08-01 13:00:00,0.021388,0.021481,0.021341,0.021465,3664.294,2019-08-01 13:59:59,78.4573237,5153.0
534,2019-08-01 14:00:00,0.021466,0.021482,0.021377,0.021434,5147.439,2019-08-01 14:59:59,110.3815204,4277.0
535,2019-08-01 15:00:00,0.021434,0.02145,0.021372,0.021447,4179.926,2019-08-01 15:59:59,89.51639244,4082.0
536,2019-08-01 16:00:00,0.021446,0.021454,0.021309,0.021352,3509.497,2019-08-01 16:59:59,75.05164823,4022.0
537,2019-08-01 17:00:00,0.021352,0.021413,0.021339,0.021377,3680.313,2019-08-01 17:59:59,78.67882373,4372.0
538,2019-08-01 18:00:00,0.02138,0.021446,0.021375,0.021426,5239.756,2019-08-01 18:59:59,112.25853026,6033.0
539,2019-08-01 19:00:00,0.021426,0.02145,0.021399,0.021437,2837.881,2019-08-01 19:59:59,60.82222648,4245.0
540,2019-08-01 20:00:00,0.021437,0.021454,0.021341,0.02136,3618.97,2019-08-01 20:59:59,77.42981112,5532.0
541,2019-08-01 21:00:00,0.021356,0.021366,0.021257,0.021277,5446.272,2019-08-01 21:59:59,116.01479946,5799.0
542,2019-08-01 22:00:00,0.021277,0.021335,0.021271,0.02133,3289.643,2019-08-01 22:59:59,70.08451233,4468.0
543,2019-08-01 23:00:00,0.02133,0.02138,0.021318,0.021341,3647.196,2019-08-01 23:59:59,77.8349306,4624.0
544,2019-08-02 00:00:00,0.021341,0.02136,0.021285,0.021287,5828.338,2019-08-02 00:59:59,124.35049375,5984.0
545,2019-08-02 01:00:00,0.021291,0.021303,0.021238,0.02127,3262.485,2019-08-02 01:59:59,69.40901209,4548.0
546,2019-08-02 02:00:00,0.021265,0.021292,0.021111,0.02112,4270.603,2019-08-02 02:59:59,90.54657893,6723.0
547,2019-08-02 03:00:00,0.02112,0.021121,0.020991,0.020996,8490.35,2019-08-02 03:59:59,178.68824012,9637.0
548,2019-08-02 04:00:00,0.020996,0.021007,0.020733,0.020912,7789.308,2019-08-02 04:59:59,162.54438996,11678.0
549,2019-08-02 05:00:00,0.020908,0.020941,0.020802,0.020836,4249.988,2019-08-02 05:59:59,88.72074752,5059.0
550,2019-08-02 06:00:00,0.020837,0.020963,0.020803,0.020893,6262.636,2019-08-02 06:59:59,130.89790647,4839.0
551,2019-08-02 07:00:00,0.020892,0.020915,0.020846,0.020896,4615.364,2019-08-02 07:59:59,96.39348857,4358.0
552,2019-08-02 08:00:00,0.020897,0.020925,0.020817,0.020839,9382.962,2019-08-02 08:59:59,195.69028174,6572.0
553,2019-08-02 09:00:00,0.020839,0.020864,0.020814,0.020849,3331.561,2019-08-02 09:59:59,69.43620891,4062.0
554,2019-08-02 10:00:00,0.020849,0.020875,0.020813,0.020825,2608.921,2019-08-02 10:59:59,54.36616641,3526.0
555,2019-08-02 11:00:00,0.020823,0.020869,0.02078,0.020858,3835.513,2019-08-02 11:59:59,79.85565859,3747.0
556,2019-08-02 12:00:00,0.020858,0.02088,0.02082,0.02084,2741.85,2019-08-02 12:59:59,57.16471605,3388.0
557,2019-08-02 13:00:00,0.020838,0.02085,0.020743,0.020762,3733.623,2019-08-02 13:59:59,77.6265474,4970.0
558,2019-08-02 14:00:00,0.020758,0.021044,0.020687,0.021016,19971.446,2019-08-02 14:59:59,417.29571887,11872.0
559,2019-08-02 15:00:00,0.021016,0.021156,0.020943,0.020987,13269.868,2019-08-02 15:59:59,279.33569817,9736.0
560,2019-08-02 16:00:00,0.020993,0.021077,0.020874,0.020947,6276.853,2019-08-02 16:59:59,131.52851013,5826.0
561,2019-08-02 17:00:00,0.020947,0.021001,0.020891,0.020955,4900.688,2019-08-02 17:59:59,102.67824772,4561.0
562,2019-08-02 18:00:00,0.020958,0.020971,0.020914,0.020943,2731.973,2019-08-02 18:59:59,57.21661096,3903.0
563,2019-08-02 19:00:00,0.020943,0.020948,0.020886,0.020932,3533.916,2019-08-02 19:59:59,73.91283925,4246.0
564,2019-08-02 20:00:00,0.020932,0.020936,0.020805,0.020844,3480.587,2019-08-02 20:59:59,72.65329284,4505.0
565,2019-08-02 21:00:00,0.020843,0.020898,0.020825,0.020848,5074.63,2019-08-02 21:59:59,105.84405391,5632.0
566,2019-08-02 22:00:00,0.020849,0.020897,0.020787,0.02083,4506.735,2019-08-02 22:59:59,94.0009364,5647.0
567,2019-08-02 23:00:00,0.020831,0.020865,0.0207,0.020716,7032.976,2019-08-02 23:59:59,146.14874002,7126.0
568,2019-08-03 00:00:00,0.020716,0.020841,0.02056,0.020784,18953.667,2019-08-03 00:59:59,391.97857501,14525.0
569,2019-08-03 01:00:00,0.020785,0.02082,0.02072,0.020771,4816.538,2019-08-03 01:59:59,100.02243585,5394.0
570,2019-08-03 02:00:00,0.020764,0.020834,0.020727,0.020776,3711.014,2019-08-03 02:59:59,77.11595566,4646.0
571,2019-08-03 03:00:00,0.020778,0.020798,0.020727,0.020746,3662.61,2019-08-03 03:59:59,76.070337,4939.0
572,2019-08-03 04:00:00,0.020747,0.020771,0.020643,0.020738,4613.424,2019-08-03 04:59:59,95.53516796,6707.0
573,2019-08-03 05:00:00,0.020733,0.02078,0.0207,0.020738,3441.565,2019-08-03 05:59:59,71.3623602,4256.0
574,2019-08-03 06:00:00,0.020738,0.02078,0.020653,0.020668,2319.037,2019-08-03 06:59:59,48.06492604,4005.0
575,2019-08-03 07:00:00,0.020671,0.020703,0.020629,0.020689,2635.743,2019-08-03 07:59:59,54.47460842,3944.0
576,2019-08-03 08:00:00,0.020689,0.02069,0.02062,0.020623,2544.261,2019-08-03 08:59:59,52.52318773,3700.0
577,2019-08-03 09:00:00,0.02062,0.020697,0.02061,0.020653,4551.037,2019-08-03 09:59:59,93.971622,5216.0
578,2019-08-03 10:00:00,0.020652,0.020941,0.02065,0.020687,10429.954,2019-08-03 10:59:59,216.85973134,9011.0
579,2019-08-03 11:00:00,0.020688,0.020704,0.020555,0.020571,4271.557,2019-08-03 11:59:59,88.10461845,5629.0
580,2019-08-03 12:00:00,0.020571,0.020613,0.020527,0.020541,3361.796,2019-08-03 12:59:59,69.16459731,4640.0
581,2019-08-03 13:00:00,0.02054,0.020732,0.020521,0.020613,7191.103,2019-08-03 13:59:59,148.46742166,6922.0
582,2019-08-03 14:00:00,0.020614,0.020694,0.020571,0.02065,4229.622,2019-08-03 14:59:59,87.30900304,4606.0
583,2019-08-03 15:00:00,0.020651,0.020681,0.02059,0.020611,3638.706,2019-08-03 15:59:59,75.10898249,4286.0
584,2019-08-03 16:00:00,0.020608,0.020676,0.020593,0.020605,3248.75,2019-08-03 16:59:59,66.98797791,4118.0
585,2019-08-03 17:00:00,0.020604,0.02068,0.020535,0.020641,7189.649,2019-08-03 17:59:59,148.26351313,7009.0
586,2019-08-03 18:00:00,0.020646,0.020696,0.020631,0.020684,2972.142,2019-08-03 18:59:59,61.41860883,3562.0
587,2019-08-03 19:00:00,0.020684,0.020726,0.020666,0.0207,2320.131,2019-08-03 19:59:59,48.0215933,3384.0
588,2019-08-03 20:00:00,0.020699,0.020754,0.020672,0.020678,3595.82,2019-08-03 20:59:59,74.46173744,4525.0
589,2019-08-03 21:00:00,0.020681,0.020682,0.0206,0.020635,3525.425,2019-08-03 21:59:59,72.75771401,5051.0
590,2019-08-03 22:00:00,0.020635,0.02067,0.020596,0.020637,15284.689,2019-08-03 22:59:59,315.33299557,7058.0
591,2019-08-03 23:00:00,0.020633,0.020641,0.020425,0.020503,6839.058,2019-08-03 23:59:59,140.59355341,7421.0
592,2019-08-04 00:00:00,0.020501,0.02057,0.020482,0.020528,3635.842,2019-08-04 00:59:59,74.64006601,4957.0
593,2019-08-04 01:00:00,0.02053,0.020557,0.020494,0.020515,2631.545,2019-08-04 01:59:59,54.00550971,3838.0
594,2019-08-04 02:00:00,0.020515,0.020559,0.020442,0.020461,3152.143,2019-08-04 02:59:59,64.64680933,4629.0
595,2019-08-04 03:00:00,0.020463,0.020477,0.020371,0.020452,4208.627,2019-08-04 03:59:59,85.94535456,5573.0
596,2019-08-04 04:00:00,0.020448,0.020483,0.020417,0.020418,2034.149,2019-08-04 04:59:59,41.59318032,3582.0
597,2019-08-04 05:00:00,0.020416,0.020477,0.020362,0.02047,3002.833,2019-08-04 05:59:59,61.26544233,4390.0
598,2019-08-04 06:00:00,0.020468,0.020527,0.020465,0.020509,3309.393,2019-08-04 06:59:59,67.83112261,4112.0
599,2019-08-04 07:00:00,0.020508,0.020556,0.020502,0.020536,1832.664,2019-08-04 07:59:59,37.62097117,3201.0
600,2019-08-04 08:00:00,0.020536,0.020553,0.020428,0.020518,3612.403,2019-08-04 08:59:59,74.05098947,4033.0
601,2019-08-04 09:00:00,0.020518,0.020523,0.020467,0.020487,1284.548,2019-08-04 09:59:59,26.32199316,2701.0
602,2019-08-04 10:00:00,0.020489,0.020542,0.02037,0.020427,2475.817,2019-08-04 10:59:59,50.67117073,3684.0
603,2019-08-04 11:00:00,0.020429,0.020456,0.020329,0.02039,4190.832,2019-08-04 11:59:59,85.4442078,4225.0
604,2019-08-04 12:00:00,0.02039,0.020535,0.0203,0.020521,7209.722,2019-08-04 12:59:59,147.18069877,5023.0
605,2019-08-04 13:00:00,0.020522,0.020607,0.020501,0.020564,4493.637,2019-08-04 13:59:59,92.33547419,4046.0
606,2019-08-04 14:00:00,0.020564,0.020591,0.020412,0.020421,2835.6,2019-08-04 14:59:59,58.12232096,3201.0
607,2019-08-04 15:00:00,0.020421,0.020473,0.020419,0.020443,3791.622,2019-08-04 15:59:59,77.51450309,3736.0
608,2019-08-04 16:00:00,0.020442,0.020474,0.020423,0.020469,3185.486,2019-08-04 16:59:59,65.12000006,3960.0
609,2019-08-04 17:00:00,0.020469,0.020511,0.020427,0.020434,3441.999,2019-08-04 17:59:59,70.39420686,4330.0
610,2019-08-04 18:00:00,0.020434,0.020469,0.020425,0.020466,3665.831,2019-08-04 18:59:59,74.94215716,4335.0
611,2019-08-04 19:00:00,0.020465,0.02051,0.020443,0.02051,2741.771,2019-08-04 19:59:59,56.1146144,3367.0
612,2019-08-04 20:00:00,0.020508,0.020537,0.020465,0.020505,2450.837,2019-08-04 20:59:59,50.2584581,3607.0
613,2019-08-04 21:00:00,0.020504,0.020577,0.020488,0.020555,2570.87,2019-08-04 21:59:59,52.78784041,3677.0
614,2019-08-04 22:00:00,0.020554,0.020591,0.020466,0.020487,3524.477,2019-08-04 22:59:59,72.38972604,3808.0
615,2019-08-04 23:00:00,0.020488,0.020491,0.02014,0.020155,11994.44,2019-08-04 23:59:59,243.4679667,9915.0
616,2019-08-05 00:00:00,0.020155,0.02023,0.020117,0.020168,7430.409,2019-08-05 00:59:59,149.90571202,6716.0
617,2019-08-05 01:00:00,0.020168,0.020213,0.020122,0.020176,4047.843,2019-08-05 01:59:59,81.58966297,4293.0
618,2019-08-05 02:00:00,0.020176,0.020245,0.020171,0.020239,3049.43,2019-08-05 02:59:59,61.64780511,4174.0
619,2019-08-05 03:00:00,0.02024,0.020259,0.020178,0.020189,2289.567,2019-08-05 03:59:59,46.27098932,3407.0
620,2019-08-05 04:00:00,0.020192,0.020254,0.020169,0.020245,4289.256,2019-08-05 04:59:59,86.64311389,3791.0
621,2019-08-05 05:00:00,0.020245,0.020405,0.020174,0.020222,5120.06,2019-08-05 05:59:59,103.88692585,6092.0
622,2019-08-05 06:00:00,0.020221,0.020299,0.020206,0.02026,3736.8,2019-08-05 06:59:59,75.62904479,4740.0
623,2019-08-05 07:00:00,0.020259,0.020301,0.020244,0.020292,2426.517,2019-08-05 07:59:59,49.19845327,3384.0
624,2019-08-05 08:00:00,0.020294,0.020374,0.020229,0.020244,8870.443,2019-08-05 08:59:59,180.04540393,8886.0
625,2019-08-05 09:00:00,0.020244,0.020252,0.019832,0.019877,14461.1,2019-08-05 09:59:59,289.41390932,11901.0
626,2019-08-05 10:00:00,0.019878,0.01994,0.019788,0.0198,11629.998,2019-08-05 10:59:59,230.93174708,12227.0
627,2019-08-05 11:00:00,0.0198,0.019903,0.019749,0.019825,7316.764,2019-08-05 11:59:59,145.03699586,6794.0
628,2019-08-05 12:00:00,0.019825,0.019858,0.019762,0.019767,8910.636,2019-08-05 12:59:59,176.59239876,7422.0
629,2019-08-05 13:00:00,0.019769,0.019806,0.019737,0.019769,3707.203,2019-08-05 13:59:59,73.27089297,4576.0
630,2019-08-05 14:00:00,0.019773,0.019794,0.019679,0.019694,6596.048,2019-08-05 14:59:59,130.16592349,7451.0
631,2019-08-05 15:00:00,0.019694,0.019726,0.01941,0.019536,12222.577,2019-08-05 15:59:59,238.71855389,11287.0
632,2019-08-05 16:00:00,0.019536,0.019559,0.019483,0.019492,6745.254,2019-08-05 16:59:59,131.69435096,6680.0
633,2019-08-05 17:00:00,0.019488,0.019619,0.019486,0.019583,5975.397,2019-08-05 17:59:59,116.86820242,6025.0
634,2019-08-05 18:00:00,0.019583,0.020018,0.019581,0.019978,12991.017,2019-08-05 18:59:59,258.08607676,11719.0
635,2019-08-05 19:00:00,0.019976,0.020163,0.019788,0.019804,12837.016,2019-08-05 19:59:59,256.43327966,10401.0
636,2019-08-05 20:00:00,0.019808,0.019866,0.019737,0.019769,11940.121,2019-08-05 20:59:59,236.3787984,8496.0
637,2019-08-05 21:00:00,0.019769,0.019787,0.019601,0.019662,6929.389,2019-08-05 21:59:59,136.57943895,6511.0
638,2019-08-05 22:00:00,0.019661,0.019697,0.019568,0.0196,8383.196,2019-08-05 22:59:59,164.69742055,6250.0
639,2019-08-05 23:00:00,0.0196,0.019769,0.019566,0.019733,5313.372,2019-08-05 23:59:59,104.51379241,6600.0
640,2019-08-06 00:00:00,0.019735,0.019899,0.019711,0.019819,5851.805,2019-08-06 00:59:59,115.9603425,7665.0
641,2019-08-06 01:00:00,0.019814,0.019819,0.019674,0.019769,6563.894,2019-08-06 01:59:59,129.51033152,8213.0
642,2019-08-06 02:00:00,0.01977,0.019795,0.019696,0.019751,3630.019,2019-08-06 02:59:59,71.65793522,5398.0
643,2019-08-06 03:00:00,0.019749,0.019781,0.019715,0.019757,4821.519,2019-08-06 03:59:59,95.21015988,5421.0
644,2019-08-06 04:00:00,0.019756,0.019799,0.01968,0.01977,5732.349,2019-08-06 04:59:59,113.20450344,6163.0
645,2019-08-06 05:00:00,0.019768,0.019834,0.019728,0.01981,3291.109,2019-08-06 05:59:59,65.08204602,4838.0
646,2019-08-06 06:00:00,0.019805,0.019844,0.019683,0.019719,3139.947,2019-08-06 06:59:59,62.02165571,4597.0
647,2019-08-06 07:00:00,0.019719,0.019773,0.019646,0.019744,5622.806,2019-08-06 07:59:59,110.81610844,5164.0
648,2019-08-06 08:00:00,0.019742,0.01977,0.019576,0.019595,7631.145,2019-08-06 08:59:59,150.04746399,6688.0
649,2019-08-06 09:00:00,0.0196,0.019671,0.019482,0.019608,8919.497,2019-08-06 09:59:59,174.42736241,7530.0
650,2019-08-06 10:00:00,0.019607,0.019728,0.019586,0.019642,5268.58,2019-08-06 10:59:59,103.54919297,5129.0
651,2019-08-06 11:00:00,0.019641,0.019667,0.019527,0.019588,5681.345,2019-08-06 11:59:59,111.31198087,4823.0
652,2019-08-06 12:00:00,0.019584,0.019605,0.019518,0.019528,5182.386,2019-08-06 12:59:59,101.38424884,4811.0
653,2019-08-06 13:00:00,0.019525,0.019545,0.019445,0.019445,4940.895,2019-08-06 13:59:59,96.37429037,5062.0
654,2019-08-06 14:00:00,0.019446,0.01948,0.019111,0.019161,20806.305,2019-08-06 14:59:59,401.41367835,14517.0
655,2019-08-06 15:00:00,0.019161,0.019245,0.01908,0.019139,17052.312,2019-08-06 15:59:59,326.85192351,11594.0
656,2019-08-06 16:00:00,0.019141,0.019149,0.019095,0.019112,5909.62,2019-08-06 16:59:59,112.98503877,6071.0
657,2019-08-06 17:00:00,0.019106,0.019237,0.019084,0.019213,7389.24,2019-08-06 17:59:59,141.40256845,6011.0
658,2019-08-06 18:00:00,0.019214,0.019666,0.01921,0.019593,32917.215,2019-08-06 18:59:59,640.96832823,19896.0
659,2019-08-06 19:00:00,0.019597,0.019618,0.019445,0.019498,13140.41,2019-08-06 19:59:59,256.66428067,9172.0
660,2019-08-06 20:00:00,0.019496,0.019591,0.019457,0.019532,16911.242,2019-08-06 20:59:59,330.486202,9095.0
661,2019-08-06 21:00:00,0.019533,0.019621,0.01953,0.019558,5372.359,2019-08-06 21:59:59,105.09512247,5622.0
662,2019-08-06 22:00:00,0.019556,0.019578,0.019511,0.019534,3544.988,2019-08-06 22:59:59,69.29357686,4828.0
663,2019-08-06 23:00:00,0.019535,0.019574,0.01947,0.019501,4840.179,2019-08-06 23:59:59,94.4761231,5577.0
664,2019-08-07 00:00:00,0.019506,0.019637,0.019479,0.019528,9002.107,2019-08-07 00:59:59,176.2458608,7311.0
665,2019-08-07 01:00:00,0.019528,0.0196,0.019478,0.019527,5165.779,2019-08-07 01:59:59,100.88238002,5066.0
666,2019-08-07 02:00:00,0.019525,0.019552,0.019492,0.019513,3492.052,2019-08-07 02:59:59,68.1721078,5065.0
667,2019-08-07 03:00:00,0.019514,0.019552,0.019426,0.019469,7538.471,2019-08-07 03:59:59,146.98347223,6914.0
668,2019-08-07 04:00:00,0.019467,0.019475,0.019321,0.019409,5367.269,2019-08-07 04:59:59,104.1031895,6062.0
669,2019-08-07 05:00:00,0.019413,0.01976,0.019367,0.019702,11075.635,2019-08-07 05:59:59,217.01396941,9591.0
670,2019-08-07 06:00:00,0.019701,0.019939,0.019683,0.019857,8517.533,2019-08-07 06:59:59,168.78482964,8223.0
671,2019-08-07 07:00:00,0.019856,0.019881,0.019703,0.019711,4731.773,2019-08-07 07:59:59,93.62620787,4963.0
672,2019-08-07 08:00:00,0.019705,0.019759,0.019638,0.019659,5147.013,2019-08-07 08:59:59,101.32225987,5186.0
673,2019-08-07 09:00:00,0.019658,0.01968,0.019547,0.019596,4218.571,2019-08-07 09:59:59,82.7232729,5201.0
674,2019-08-07 10:00:00,0.019595,0.019614,0.019466,0.019497,4809.224,2019-08-07 10:59:59,93.92309188,5912.0
675,2019-08-07 11:00:00,0.019502,0.019553,0.019467,0.01947,5159.586,2019-08-07 11:59:59,100.70827945,5183.0
676,2019-08-07 12:00:00,0.019473,0.01954,0.019428,0.01946,3985.352,2019-08-07 12:59:59,77.64727796,4963.0
677,2019-08-07 13:00:00,0.01946,0.019596,0.019425,0.019547,4039.204,2019-08-07 13:59:59,78.83815287,4980.0
678,2019-08-07 14:00:00,0.019549,0.01956,0.019444,0.019499,4284.806,2019-08-07 14:59:59,83.51360591,4868.0
679,2019-08-07 15:00:00,0.019499,0.01956,0.019476,0.01952,5291.961,2019-08-07 15:59:59,103.24816035,5655.0
680,2019-08-07 16:00:00,0.019518,0.019544,0.01945,0.019509,7169.549,2019-08-07 16:59:59,139.78251147,6418.0
681,2019-08-07 17:00:00,0.019509,0.019541,0.019451,0.019489,4491.861,2019-08-07 17:59:59,87.61402681,5224.0
682,2019-08-07 18:00:00,0.01949,0.0195,0.01944,0.019467,4048.702,2019-08-07 18:59:59,78.81351292,4690.0
683,2019-08-07 19:00:00,0.019467,0.019492,0.019424,0.019445,4296.493,2019-08-07 19:59:59,83.5796359,4905.0
684,2019-08-07 20:00:00,0.019447,0.019478,0.019385,0.019397,8533.032,2019-08-07 20:59:59,165.76810801,7691.0
685,2019-08-07 21:00:00,0.019397,0.019409,0.019,0.019066,23752.454,2019-08-07 21:59:59,453.93611823,15537.0
686,2019-08-07 22:00:00,0.019065,0.019066,0.018948,0.018954,17622.048,2019-08-07 22:59:59,335.53813153,7777.0
687,2019-08-07 23:00:00,0.01896,0.019323,0.018936,0.019253,23460.96,2019-08-07 23:59:59,450.43571246,14621.0
688,2019-08-08 00:00:00,0.019251,0.01929,0.019135,0.019181,10670.265,2019-08-08 00:59:59,204.96420851,9072.0
689,2019-08-08 01:00:00,0.019181,0.0192,0.019079,0.019091,4733.853,2019-08-08 01:59:59,90.61944658,6026.0
690,2019-08-08 02:00:00,0.019089,0.01909,0.01903,0.019065,5647.626,2019-08-08 02:59:59,107.63084765,5221.0
691,2019-08-08 03:00:00,0.019069,0.019159,0.018982,0.019028,3307.331,2019-08-08 03:59:59,63.04918276,4242.0
692,2019-08-08 04:00:00,0.019028,0.019107,0.01882,0.018883,10774.041,2019-08-08 04:59:59,204.09118525,9482.0
693,2019-08-08 05:00:00,0.018879,0.018913,0.018759,0.018865,4984.291,2019-08-08 05:59:59,93.85559039,6346.0
694,2019-08-08 06:00:00,0.018863,0.018944,0.018824,0.018861,4112.76,2019-08-08 06:59:59,77.60191073,5708.0
695,2019-08-08 07:00:00,0.018867,0.018992,0.018819,0.018878,6386.509,2019-08-08 07:59:59,120.77263448,6550.0
696,2019-08-08 08:00:00,0.018882,0.018938,0.018842,0.018865,5336.984,2019-08-08 08:59:59,100.80448981,6083.0
697,2019-08-08 09:00:00,0.018866,0.01898,0.018862,0.01895,3595.684,2019-08-08 09:59:59,68.08501683,5089.0
698,2019-08-08 10:00:00,0.01895,0.018956,0.01891,0.018931,3429.746,2019-08-08 10:59:59,64.93825978,4638.0
699,2019-08-08 11:00:00,0.018932,0.018939,0.018823,0.018884,6162.76,2019-08-08 11:59:59,116.37071405,5451.0
700,2019-08-08 12:00:00,0.018882,0.01897,0.01885,0.0189,5169.479,2019-08-08 12:59:59,97.8515387,4434.0
701,2019-08-08 13:00:00,0.018899,0.018949,0.018885,0.0189,4764.313,2019-08-08 13:59:59,90.12192354,4614.0
702,2019-08-08 14:00:00,0.018899,0.019059,0.018884,0.018993,8147.684,2019-08-08 14:59:59,154.65018592,7216.0
703,2019-08-08 15:00:00,0.018991,0.019052,0.018933,0.018936,5470.735,2019-08-08 15:59:59,103.95806492,4738.0
704,2019-08-08 16:00:00,0.018935,0.01905,0.018852,0.01898,9948.819,2019-08-08 16:59:59,188.4042623,7805.0
705,2019-08-08 17:00:00,0.01898,0.019052,0.01889,0.019033,6142.915,2019-08-08 17:59:59,116.50968405,5874.0
706,2019-08-08 18:00:00,0.019035,0.019068,0.018988,0.019037,5457.357,2019-08-08 18:59:59,103.84433754,5314.0
707,2019-08-08 19:00:00,0.019036,0.0191,0.018953,0.018972,6002.54,2019-08-08 19:59:59,114.07962621,6032.0
708,2019-08-08 20:00:00,0.018972,0.019048,0.018895,0.018957,6771.961,2019-08-08 20:59:59,128.38675442,5779.0
709,2019-08-08 21:00:00,0.018959,0.019043,0.018929,0.019043,7550.846,2019-08-08 21:59:59,143.23276906,5799.0
710,2019-08-08 22:00:00,0.019044,0.019093,0.018963,0.019008,10995.822,2019-08-08 22:59:59,209.23568485,6995.0
711,2019-08-08 23:00:00,0.019009,0.019024,0.018909,0.01897,5028.275,2019-08-08 23:59:59,95.36641861,5402.0
712,2019-08-09 00:00:00,0.018976,0.018983,0.018741,0.018823,13245.526,2019-08-09 00:59:59,249.28845907,9001.0
713,2019-08-09 01:00:00,0.018818,0.018941,0.018742,0.018816,13674.639,2019-08-09 01:59:59,257.57773091,8434.0
714,2019-08-09 02:00:00,0.018818,0.018827,0.018684,0.018795,8232.424,2019-08-09 02:59:59,154.34462144,7255.0
715,2019-08-09 03:00:00,0.018791,0.01885,0.018769,0.018798,4566.696,2019-08-09 03:59:59,85.89605264,4876.0
716,2019-08-09 04:00:00,0.018798,0.018802,0.01874,0.018758,5370.337,2019-08-09 04:59:59,100.80644316,4429.0
717,2019-08-09 05:00:00,0.018762,0.018774,0.018612,0.01862,4505.576,2019-08-09 05:59:59,84.21134548,5615.0
718,2019-08-09 06:00:00,0.018619,0.01862,0.018492,0.01855,6775.287,2019-08-09 06:59:59,125.72777678,6446.0
719,2019-08-09 07:00:00,0.018543,0.018576,0.018388,0.018445,10429.838,2019-08-09 07:59:59,192.83237023,9214.0
720,2019-08-09 08:00:00,0.018451,0.01854,0.018388,0.018462,6429.935,2019-08-09 08:59:59,118.6670796,6008.0
721,2019-08-09 09:00:00,0.018459,0.01852,0.018421,0.018434,3801.254,2019-08-09 09:59:59,70.22240491,4289.0
722,2019-08-09 10:00:00,0.01843,0.018457,0.018359,0.018382,3618.394,2019-08-09 10:59:59,66.5857898,4668.0
723,2019-08-09 11:00:00,0.018385,0.01842,0.018299,0.018348,8045.5,2019-08-09 11:59:59,147.6112053,5139.0
724,2019-08-09 12:00:00,0.018347,0.018363,0.018224,0.018226,4674.981,2019-08-09 12:59:59,85.51950418,5242.0
725,2019-08-09 13:00:00,0.018226,0.018273,0.018145,0.01826,10519.302,2019-08-09 13:59:59,191.66661661,6681.0
726,2019-08-09 14:00:00,0.01826,0.01836,0.018252,0.01836,5047.05,2019-08-09 14:59:59,92.34867222,4974.0
727,2019-08-09 15:00:00,0.018354,0.018362,0.01824,0.018254,5442.629,2019-08-09 15:59:59,99.52480243,5573.0
728,2019-08-09 16:00:00,0.018255,0.018346,0.018227,0.018287,8916.017,2019-08-09 16:59:59,162.96494893,7945.0
729,2019-08-09 17:00:00,0.018289,0.018291,0.018,0.018003,16169.365,2019-08-09 17:59:59,292.8233438,11721.0
730,2019-08-09 18:00:00,0.018,0.018017,0.017781,0.017883,15763.972,2019-08-09 18:59:59,282.17242742,11664.0
731,2019-08-09 19:00:00,0.017883,0.018029,0.017873,0.017993,9188.144,2019-08-09 19:59:59,165.11590647,7786.0
732,2019-08-09 20:00:00,0.017997,0.018029,0.017936,0.017936,5695.232,2019-08-09 20:59:59,102.46665305,5951.0
733,2019-08-09 21:00:00,0.017936,0.017949,0.01782,0.017868,9959.51,2019-08-09 21:59:59,178.14246531,7618.0
734,2019-08-09 22:00:00,0.017869,0.017955,0.017865,0.017911,5742.382,2019-08-09 22:59:59,102.88865797,5982.0
735,2019-08-09 23:00:00,0.017913,0.01797,0.017808,0.017845,5060.236,2019-08-09 23:59:59,90.63270494,6171.0
736,2019-08-10 00:00:00,0.017851,0.017921,0.017765,0.017782,7824.991,2019-08-10 00:59:59,139.54533764,8152.0
737,2019-08-10 01:00:00,0.017782,0.017802,0.017636,0.017694,6536.747,2019-08-10 01:59:59,115.74695151,6856.0
738,2019-08-10 02:00:00,0.01769,0.017697,0.017577,0.017582,5673.819,2019-08-10 02:59:59,99.97159769,5298.0
739,2019-08-10 03:00:00,0.017584,0.017753,0.017567,0.01774,6483.413,2019-08-10 03:59:59,114.39957543,6320.0
740,2019-08-10 04:00:00,0.01774,0.017746,0.017634,0.01764,4253.84,2019-08-10 04:59:59,75.28870344,5153.0
741,2019-08-10 05:00:00,0.017638,0.017685,0.017615,0.017646,5252.038,2019-08-10 05:59:59,92.69007805,5227.0
742,2019-08-10 06:00:00,0.017644,0.017698,0.017616,0.017653,6573.153,2019-08-10 06:59:59,116.02761295,5390.0
743,2019-08-10 07:00:00,0.017653,0.017749,0.01763,0.017725,3986.658,2019-08-10 07:59:59,70.44560263,4245.0
744,2019-08-10 08:00:00,0.017725,0.017981,0.017712,0.0179,12808.132,2019-08-10 08:59:59,229.02355846,9655.0